,version,passage_num,question_id,question,generated_answer,judge_score,judge_reasoning,correct_answer
0,A,1,10,What amber beverage did Sophia leave back at the bar?,Amber Ale,0.0,"The Generated Answer specifies 'Amber Ale,' which is more specific than the broader 'beer' provided in the Correct Answer and only 'amber beer' in the text. It does not match the exact target answer.",beer
1,A,1,11,What did Sophia do before she left the bar?,She made room on the table for some papers and dumped the contents of her briefcase in front of her.,1.0,"The Generated Answer describes the action of dumping the contents of her briefcase (documents/papers) onto the table, which is a detailed description matching the summarized Correct Answer ('sorted/dumped documents').",sorted/dumped documents
2,A,1,12,Where was Sophia supposed to meet the client?,The bar.,0.0,"The passage clearly states the meeting was confirmed for the 'lobby of the Madison Hotel.' The Generated Answer incorrectly identifies the meeting location as 'The bar,' failing to match the Correct Answer.",Madison Hotel
3,B,1,10,What amber beverage did Sophia leave back at the bar?,Amber beer,1.0,The generated answer 'Amber beer' is functionally correct as it fully includes the target noun 'beer' and is highly specific to the context described in the passage.,beer
4,B,1,11,What did Sophia do before she left the bar?,She reviewed papers from her briefcase.,0.0,The generated answer ('She reviewed papers from her briefcase') describes an action different from the correct answer ('paid her bill').,paid her bill
5,B,1,12,Where was Sophia supposed to meet the client?,"In the hotel's bar, just off the lobby.",0.0,"The generated answer ('In the hotel's bar...') gives Sophia's current location, whereas the correct answer identifies the destination meeting location ('Madison Hotel') as confirmed by the client call.",Madison Hotel
6,C,1,10,What amber beverage did Sophia leave back at the bar?,TOPO CHICO MINERAL WATER,0.0,"The generated answer names a beverage (Topo Chico Mineral Water) that is not mentioned in the passage. The correct beverage, explicitly described as amber, is 'beer.'",beer
7,C,1,11,What did Sophia do before she left the bar?,Sophia ordered an amber beer.,1.0,"The generated answer states 'Sophia ordered an amber beer,' which is synonymous with the 'ordered a drink' portion of the acceptable correct answer options and is supported by the passage context.",ordered a drink/grabbed her bag
8,C,1,12,Where was Sophia supposed to meet the client?,In the lobby of the Madison Hotel.,0.0,"The generated answer includes the extra detail, 'In the lobby of the,' which deviates from the provided concise correct answer, 'Madison Hotel.'",Madison Hotel
9,D,1,10,What amber beverage did Sophia leave back at the bar?,Amber Beer,0.0,The generated answer includes the redundant modifier 'Amber' and does not match the concise correct answer 'beer'.,beer
10,D,1,11,What did Sophia do before she left the bar?,She drank an amber beer.,0.0,The generated answer provides an action (drinking beer) that is entirely different from the required correct answer ('reviewed her papers').,reviewed her papers
11,D,1,12,Where was Sophia supposed to meet the client?,In the bar of the Madison Hotel.,0.0,"The generated answer includes additional, incorrect location detail ('In the bar of the') that deviates from the required simple correct answer ('Madison Hotel'). (The passage specifies the client confirmed meeting in the lobby.)",Madison Hotel
12,A,2,10,Which jolly relative rang the bell to signal the end of the treasure hunt?,The uncle,1.0,The generated answer ('The uncle') accurately identifies the person named in the correct answer ('uncle').,uncle
13,A,2,11,Where did Joshua look for the treasure first?,He looked in the family room,0.0,The generated answer ('He looked in the family room') is too general. The correct answer specifies the exact location where the treasure was sought first ('bookcase/top shelf').,bookcase/top shelf
14,A,2,12,Where did this treasure hunt take place?,"The treasure hunt took place at home, in the family room and at the park.",0.0,"The generated answer provides a detailed list of locations ('family room and at the park'), which is broader than the single, specific location given in the correct answer ('house').",house
15,B,2,10,Which jolly relative rang the bell to signal the end of the treasure hunt?,Joshua rang the bell to signal the end of the treasure hunt.,0.0,The generated answer incorrectly identifies Joshua as the person who rang the bell. The correct answer identifies the 'uncle'.,uncle
16,B,2,11,Where did Joshua look for the treasure first?,He looked on the top shelf of the bookcase.,1.0,"The generated answer, 'He looked on the top shelf of the bookcase,' is a clear match for the required correct answer, 'bookcase/top shelf'.",bookcase/top shelf
17,B,2,12,Where did this treasure hunt take place?,A family home.,0.0,"While 'A family home' is highly synonymous with 'house,' the generated answer does not precisely match the required single-word correct answer of 'house'.",house
18,C,2,10,Which jolly relative rang the bell to signal the end of the treasure hunt?,The jolly uncle rang the bell.,0.0,"The generated answer includes extraneous details ('rang the bell') that are not supported by the passage context and make the full answer phrasing non-identical to the succinct correct answer, 'uncle.'",uncle
19,C,2,11,Where did Joshua look for the treasure first?,He looked for the treasure in a hollow tree.,1.0,"The generated answer successfully identifies the location as a 'hollow tree,' matching the essential information provided in the correct answer.",hollow tree
20,C,2,12,Where did this treasure hunt take place?,In Joshua's neighborhood,0.0,"Although the core location 'neighborhood' matches, the generated answer includes the specific possessive modifier 'Joshua's,' making it structurally different and non-identical to the target answer, 'in the neighborhood.'",in the neighborhood
21,D,2,10,Which jolly relative rang the bell to signal the end of the treasure hunt?,Joshua's Uncle,0.0,"The correct answer is simply 'uncle.' The generated answer 'Joshua's Uncle' is overly specific and does not strictly match the expected core answer, although it correctly identifies the person.",uncle
22,D,2,11,Where did Joshua look for the treasure first?,He looked in the yard with the hollow tree.,1.0,"The generated answer, 'He looked in the yard with the hollow tree,' accurately identifies the key location element 'hollow tree' required by the correct answer, despite including additional contextual phrasing.",hollow tree
23,D,2,12,Where did this treasure hunt take place?,It was held at Joshua's house.,0.0,"The correct answer specifies the scope as 'in the neighborhood' (which includes the park mentioned in the passage). The generated answer 'It was held at Joshua's house' is too narrow, only describing the starting location and failing to capture the full setting of the hunt.",in the neighborhood
24,A,3,10,Which gleaming utensil would the chef use to complete his preparations?,Gleaming utensil,0.0,The generated answer is too vague; it describes the item generically ('Gleaming utensil') but fails to name the specific utensil identified in the text ('knife').,knife
25,A,3,11,"Given how long it took to retrieve his spices, should the chef have been so frustrated?",No.,1.0,The generated answer provides the same essential affirmative/negative response as the correct answer.,no
26,A,3,12,Where was the chef when he realized that he had forgotten his spice kit?,The chef was in the kitchen.,0.0,"While factually accurate based on the context, the generated answer adds unnecessary introductory phrasing ('The chef was in the...') when the concise correct answer provided is the single entity 'kitchen'.",kitchen
27,B,3,10,Which gleaming utensil would the chef use to complete his preparations?,A sharp knife!,1.0,"The generated answer correctly identifies the required utensil ('knife') which is the core correct answer, despite adding an unnecessary descriptor.",knife
28,B,3,11,"Given how long it took to retrieve his spices, should the chef have been so frustrated?","No, he should not have been so frustrated.",1.0,The generated answer provides the correct negative affirmation ('No') matching the provided correct answer.,no
29,B,3,12,Where was the chef when he realized that he had forgotten his spice kit?,He was standing in his kitchen.,1.0,"The generated answer correctly identifies the location ('kitchen') derived from the context, even though it provides a complete sentence.",kitchen
30,C,3,10,Which gleaming utensil would the chef use to complete his preparations?,The gleaming knife.,1.0,"The generated answer correctly identifies the 'knife' as the gleaming utensil mentioned in the passage, matching the core requirement of the correct answer.",knife
31,C,3,11,"Given how long it took to retrieve his spices, should the chef have been so frustrated?",Absolutely not! The chef made the right decision to run to his van.,0.0,The generated answer provides the opposite conclusion ('Absolutely not!') to the required correct answer ('yes').,yes
32,C,3,12,Where was the chef when he realized that he had forgotten his spice kit?,On the trolley.,0.0,"The generated answer specifies 'On the trolley,' which does not match the required correct answer 'kitchen,' which is the overall setting where the chef was located.",kitchen
33,D,3,10,Which gleaming utensil would the chef use to complete his preparations?,the gleaming knife,1.0,"The generated answer correctly identifies the utensil, 'knife', even though it includes the descriptive article and adjective ('the gleaming knife') found in the passage.",knife
34,D,3,11,"Given how long it took to retrieve his spices, should the chef have been so frustrated?",The chef should not have been frustrated because he had forgotten something that was not really that important.,0.0,"The generated answer provides the opposite conclusion to the correct answer. The correct answer is 'yes,' while the generated answer states the chef should 'not' have been frustrated.",yes
35,D,3,12,Where was the chef when he realized that he had forgotten his spice kit?,(a) On top of the hill.,0.0,"The generated answer, '(a) On top of the hill,' is completely irrelevant and does not match the correct location, 'kitchen.'",kitchen
36,A,5,10,Which fierce animal did Jared's girls want to see?,Lion,1.0,"The generated answer 'Lion' correctly identifies the animal, matching the correct answer 'lion'. Case differences are ignored for reading comprehension evaluation.",lion
37,A,5,11,How long did it take for Jared and his girls to travel from the zoo's entrance to the exhibit?,A few minutes.,0.0,"The correct answer specifies a precise duration ('5 min'), whereas the generated answer is a vague approximation ('A few minutes'). Therefore, it is not a direct match.",5 min
38,A,5,12,Where was the exhibit located in relation to the zoo's entrance?,A.,0.0,The correct answer requires a descriptive location ('few yards/near'). The generated answer 'A.' appears to be a multiple-choice option label and provides no locational information.,few yards/near
39,B,5,10,Which fierce animal did Jared's girls want to see?,Context: The girls had never seen a lion before.,0.0,The generated answer provides only context about the girls' experience (never seeing a lion before) but does not explicitly name the animal ('lion') that the correct answer requires.,lion
40,B,5,11,How long did it take for Jared and his girls to travel from the zoo's entrance to the exhibit?,1 hour and 10 minutes,0.0,The generated answer ('1 hour and 10 minutes') does not match the provided correct answer ('2 hours').,2 hours
41,B,5,12,Where was the exhibit located in relation to the zoo's entrance?,The exhibit was to the left of the entrance.,0.0,"The generated answer describes the exhibit's direction ('to the left'), while the correct answer describes its proximity or distance ('few yards/near'). The answers do not match.",few yards/near
42,C,5,10,Which fierce animal did Jared's girls want to see?,A lion,1.0,The generated answer 'A lion' correctly identifies the animal specified in the correct answer 'lion'. The addition of the indefinite article does not render the answer incorrect.,lion
43,C,5,11,How long did it take for Jared and his girls to travel from the zoo's entrance to the exhibit?,(a) 10 minutes,0.0,The generated answer '10 minutes' is significantly different from the correct time measurement 'seconds'.,seconds
44,C,5,12,Where was the exhibit located in relation to the zoo's entrance?,1.,0.0,The generated answer '1.' is a number and does not match the descriptive location answer 'far'.,far
45,D,5,10,Which fierce animal did Jared's girls want to see?,Lion,0.0,Error: Extra data: line 21 column 1 (char 801),
46,D,5,11,How long did it take for Jared and his girls to travel from the zoo's entrance to the exhibit?,10 minutes,0.0,Error: Extra data: line 21 column 1 (char 801),
47,D,5,12,Where was the exhibit located in relation to the zoo's entrance?,The exhibit was located far from the zoo's entrance.,0.0,Error: Extra data: line 21 column 1 (char 801),
48,A,6,10,What piece of plastic furniture did the mechanic kick out of frustration?,a chair,1.0,The generated answer 'a chair' is functionally identical to the correct answer 'chair'.,chair
49,A,6,11,Where did the mechanic find his toolbox?,It was beneath the table.,0.0,"The generated answer provides the location 'beneath the table,' which does not match the correct answer 'in the hangar.'",in the hangar
50,A,6,12,What was the first thing the mechanic did in order to find his toolbox?,He tripped over his toolbox.,0.0,"The generated answer describes the eventual discovery ('He tripped over his toolbox'), which is a different action than the initial search described in the correct answer ('looked around the hangar').",looked around the hangar
51,B,6,10,What piece of plastic furniture did the mechanic kick out of frustration?,The plastic chair,1.0,"The generated answer 'The plastic chair' accurately identifies the item that the mechanic kicked, which is consistent with the core correct answer 'chair'.",chair
52,B,6,11,Where did the mechanic find his toolbox?,In the bottom of his toolbox.,0.0,"The correct answer specifies the general location of the toolbox ('in the hangar'). The generated answer 'In the bottom of his toolbox' describes an internal location (where a tool might be), thus failing to match the location specified by the correct answer.",in the hangar
53,B,6,12,What was the first thing the mechanic did in order to find his toolbox?,He kicked the plastic chair.,0.0,"The correct answer identifies the start of the mechanic's search process ('looked around the hangar'). The generated answer 'He kicked the plastic chair' describes an earlier action prompted by frustration, not the action taken to begin locating the toolbox.",looked around the hangar
54,C,6,10,What piece of plastic furniture did the mechanic kick out of frustration?,The plastic chair.,1.0,"The generated answer 'The plastic chair' accurately identifies the specific piece of furniture, 'chair,' which matches the core information in the correct answer.",chair
55,C,6,11,Where did the mechanic find his toolbox?,The mechanic found his toolbox in his car.,1.0,"The generated answer correctly identifies 'car' as the location where the mechanic found his toolbox, matching the correct answer.",car
56,C,6,12,What was the first thing the mechanic did in order to find his toolbox?,he sprinted to his car,0.0,"The generated answer 'he sprinted to his car' is incomplete. It omits the crucial detail about the starting location, 'out of the hangar,' which is present and necessary in the highly specific correct answer: 'raced out of the hangar to his car'.",raced out of the hangar to his car
57,D,6,10,What piece of plastic furniture did the mechanic kick out of frustration?,The chair.,1.0,The generated answer 'The chair' accurately identifies the same object as the correct answer 'chair'.,chair
58,D,6,11,Where did the mechanic find his toolbox?,In the trunk of his car.,1.0,The generated answer 'In the trunk of his car' accurately locates the toolbox within the broader location specified by the correct answer 'car'.,car
59,D,6,12,What was the first thing the mechanic did in order to find his toolbox?,He exited the hangar.,0.0,"The generated answer 'He exited the hangar' describes an action, but it does not match the specific action designated as the correct answer, 'slowly walked to his car'.",slowly walked to his car
60,A,7,10,What motivating career did Jason see himself doing in the future?,Jason saw himself doing a motivating career in the future as a teacher.,1.0,"The generated answer correctly identifies 'teacher', integrating the core required information into a full sentence. This is an accurate semantic match.",teacher
61,A,7,11,How long did it take for Jason to locate his resumes?,10 seconds.,0.0,"The correct answer is strictly 'seconds' (the unit of time). The generated answer included the specific, potentially unsupported number '10', resulting in '10 seconds', which is not an exact match for the provided correct answer.",seconds
62,A,7,12,Where was the first place that Jason looked for his resumes?,His bag,1.0,The generated answer correctly identifies the location as 'bag'. The addition of the possessive pronoun 'His' is acceptable contextualization and does not negate the factual correctness of the key term.,bag
63,B,7,10,What motivating career did Jason see himself doing in the future?,Jason saw himself doing a motivating career as a teacher.,1.0,"The generated answer correctly identifies the core concept 'teacher' from the correct answer, despite being provided in a full sentence structure.",teacher
64,B,7,11,How long did it take for Jason to locate his resumes?,30 minutes,1.0,The generated answer '30 minutes' is semantically identical and factually equivalent to the correct answer '30 min'.,30 min
65,B,7,12,Where was the first place that Jason looked for his resumes?,The bottom of his bag.,1.0,"The generated answer correctly identifies the core object 'bag,' which matches the correct answer, while providing slightly more detail about the exact location ('bottom of his bag'). This is considered functionally correct.",bag
66,C,7,10,What motivating career did Jason see himself doing in the future?,Jason would be a motivating teacher.,1.0,"The generated answer identifies 'teacher' (specifically 'motivating teacher'), which is the core career mentioned in the correct answer and confirmed by the passage context.",teacher
67,C,7,11,How long did it take for Jason to locate his resumes?,2 minutes,0.0,"The generated answer states '2 minutes,' which does not match the required correct answer of 'ten minutes.'",ten minutes
68,C,7,12,Where was the first place that Jason looked for his resumes?,On one side of the coffee table,0.0,"The generated answer provides the location 'On one side of the coffee table,' which is incorrect. The correct answer, 'bag,' is confirmed by the passage context (Jason opened his bag to remove his resumes).",bag
69,D,7,10,What motivating career did Jason see himself doing in the future?,"Jason's future career was to be a motivating teacher, and he wanted to be one who would inspire students to learn and grow socially and emotionally.",1.0,"The generated answer explicitly states Jason's career was a 'motivating teacher,' which directly includes the required correct answer, 'teacher.'",teacher
70,D,7,11,How long did it take for Jason to locate his resumes?,30 minutes,0.0,The generated answer '30 minutes' does not match the provided correct answer '3 hours.',3 hours
71,D,7,12,Where was the first place that Jason looked for his resumes?,His bag,1.0,"The generated answer 'His bag' correctly identifies the location, 'bag,' which matches the correct answer.",bag
72,A,8,10,What kind of yellow flowers did Tamika put on her mother's grave?,Yellow roses,1.0,The generated answer 'Yellow roses' fully encompasses the correct answer 'roses'. The core information about the type of flower is present and accurate.,roses
73,A,8,11,How far away was the restaurant where Tamika met her friend for lunch?,The restaurant was five minutes away.,0.0,"The correct answer specifies a measure of distance/location ('across the street'), while the generated answer provides a measure of time ('five minutes away'). These are different factual details.",across the street
74,A,8,12,How long did Tamika have to wait before she was seated at the restaurant?,Tamika dashed across the street and stepped from the cold into the warmth of the cafe.,0.0,The correct answer specifies the duration of the wait ('not at all'). The generated answer describes Tamika's action of entering the cafe but fails to state how long she waited (or didn't wait).,not at all
75,B,8,10,What kind of yellow flowers did Tamika put on her mother's grave?,Yellow roses,1.0,"The generated answer 'Yellow roses' correctly identifies the type of flower as 'roses', matching the essential information in the correct answer.",roses
76,B,8,11,How far away was the restaurant where Tamika met her friend for lunch?,1.,0.0,The generated answer '1.' is a numerical placeholder or an incomplete thought and does not match the correct spatial description 'across the street'.,across the street
77,B,8,12,How long did Tamika have to wait before she was seated at the restaurant?,Two hours,0.0,The generated answer 'Two hours' does not match the correct waiting time of '30 minutes'.,30 minutes
78,C,8,10,What kind of yellow flowers did Tamika put on her mother's grave?,Yellow roses.,1.0,"The generated answer 'Yellow roses' accurately identifies the kind of flower as 'roses,' which matches the core information of the correct answer, simply including the adjective already implied in the question.",roses
79,C,8,11,How far away was the restaurant where Tamika met her friend for lunch?,1.,0.0,The generated answer '1' is numerical and does not match the location description provided in the correct answer ('neighboring town') or the passage context.,neighboring town
80,C,8,12,How long did Tamika have to wait before she was seated at the restaurant?,5 minutes,0.0,The generated answer '5 minutes' is a specific duration that contradicts the correct answer 'not at all.' The passage provides no information about waiting times.,not at all
81,D,8,10,What kind of yellow flowers did Tamika put on her mother's grave?,yellow roses,1.0,"The generated answer 'yellow roses' includes the type of flower, 'roses,' which is the exact content of the correct answer, making it a complete and acceptable match.",roses
82,D,8,11,How far away was the restaurant where Tamika met her friend for lunch?,The restaurant was a half hour away.,0.0,The correct answer specifies the location as 'neighboring town.' The generated answer provides unsupported temporal information ('a half hour away') and fails to match the required spatial description.,neighboring town
83,D,8,12,How long did Tamika have to wait before she was seated at the restaurant?,30 minutes,1.0,The generated answer '30 minutes' is the fully written equivalent of the abbreviation used in the correct answer '30 min.',30 min
84,A,9,10,What rusty tool did the criminal wish he still had?,A crowbar,0.0,The generated answer (A crowbar) does not match the correct answer (hammer). The hammer was the tool actually used according to the passage.,hammer
85,A,9,11,Where was the criminal's new hiding place?,Next door.,0.0,The generated answer 'Next door' does not match the correct answer 'hedges'. The hedges were the location that provided concealment and safety.,hedges
86,A,9,12,Did the police apprehend the criminal in a timely manner?,"Yes, they did.",1.0,"The generated answer 'Yes, they did' is semantically identical to the correct answer 'yes'.",yes
87,B,9,10,What rusty tool did the criminal wish he still had?,The hammer.,1.0,"The generated answer 'The hammer' correctly identifies the tool mentioned in the passage (a rusty hammer), matching the correct answer 'hammer'.",hammer
88,B,9,11,Where was the criminal's new hiding place?,The criminal's new hiding place was the neighbor's house.,0.0,"The correct answer is 'hedges,' which is the place of concealment described in the passage. The generated answer 'The criminal's new hiding place was the neighbor's house' introduces incorrect information not supported by the text.",hedges
89,B,9,12,Did the police apprehend the criminal in a timely manner?,Yes.,0.0,"The correct answer is 'no,' as the passage states the criminal successfully hid and was attempting to evade the law. The generated answer 'Yes' is a direct contradiction of the correct answer and the context.",no
90,C,9,10,What rusty tool did the criminal wish he still had?,A crowbar.,0.0,"The correct answer is 'hammer,' which is explicitly mentioned in the passage as the rusty tool used. The generated answer states 'A crowbar,' which is incorrect.",hammer
91,C,9,11,Where was the criminal's new hiding place?,The basement.,0.0,"The generated answer specifies 'The basement,' but the correct answer is 'park slide.' The answers do not match.",park slide
92,C,9,12,Did the police apprehend the criminal in a timely manner?,The officers apprehended the criminal after he entered the house.,0.0,"The correct answer is the boolean response 'yes.' The generated answer provides a descriptive statement about the timing of the apprehension ('The officers apprehended the criminal after he entered the house'), which does not directly match the correct answer.",yes
93,D,9,10,What rusty tool did the criminal wish he still had?,A key,0.0,"The generated answer (""A key"") does not match the provided correct answer (""hammer"").",hammer
94,D,9,11,Where was the criminal's new hiding place?,The side window.,0.0,"The generated answer (""The side window"") does not match the provided correct answer (""park slide"").",park slide
95,D,9,12,Did the police apprehend the criminal in a timely manner?,Yes,0.0,"The generated answer (""Yes"") is the opposite of the provided correct answer (""no"").",no
96,A,10,10,Which aggressive disease was the daughter fighting?,Neuroblastoma.,0.0,The passage explicitly states the daughter was battling 'an aggressive cancer.' The generated answer 'Neuroblastoma' is a type of cancer not mentioned in the provided text.,cancer
97,A,10,11,Where was the gift store located?,The gift store was located in the hospital.,1.0,"The passage describes the setting as a hospital room, making 'in the hospital' a contextually accurate answer, even though it lacks the specific detail ('down the hall/7th floor') provided in the correct answer.",down the hall/7th floor
98,A,10,12,What was the first thing the father did when he left his daughter's room?,He started sprinting down the hall.,0.0,"The generated answer is incomplete. While it mentions 'sprinting,' the correct answer is a composite of 'sprinted/ran into neighbors.' The generated answer fails to include the secondary detail listed in the target answer.",sprinted/ran into neighbors
99,B,10,10,Which aggressive disease was the daughter fighting?,Aggressive cancer,1.0,"The generated answer 'Aggressive cancer' correctly identifies the disease and includes the modifier 'aggressive,' which is derived directly from the passage context, making it factually correct.",cancer
100,B,10,11,Where was the gift store located?,The gift store was located on the 7th floor of the hospital.,1.0,"The generated answer specifies '7th floor,' which is listed as an acceptable component of the provided correct answer ('down the hall/7th floor').",down the hall/7th floor
101,B,10,12,What was the first thing the father did when he left his daughter's room?,He went to the gift store.,0.0,"The generated answer claims the father went to the gift store, which contradicts the provided correct answer that specifies the first action was to 'lean against wall/rest.' The answers do not match.",leaned against wall/rest
102,C,10,10,Which aggressive disease was the daughter fighting?,This girl was fighting an aggressive form of cancer.,1.0,"The generated answer correctly identifies the aggressive disease as 'cancer,' matching the core information in the correct answer.",cancer
103,C,10,11,Where was the gift store located?,Outside,0.0,The generated answer ('Outside') is a vague location and does not match the specific location provided in the correct answer ('several blocks away').,several blocks away
104,C,10,12,What was the first thing the father did when he left his daughter's room?,He sprinted down the stairs.,0.0,"While the action ('sprinted down the stairs') is similar to the action in the correct answer, the generated response omits the crucial destination component ('to lobby').",ran down stairs to lobby
105,D,10,10,Which aggressive disease was the daughter fighting?,The daughter was battling an aggressive form of cancer.,1.0,"The generated answer explicitly names the disease, cancer, which matches the correct answer.",cancer
106,D,10,11,Where was the gift store located?,On the second floor of the hospital.,0.0,The generated location (On the second floor of the hospital) contradicts the correct answer (several blocks away).,several blocks away
107,D,10,12,What was the first thing the father did when he left his daughter's room?,He took a deep breath.,0.0,The generated answer provides a different action (He took a deep breath) than the specific action listed in the correct answer (waited for elevator).,waited for elevator
108,A,11,10,Which shabby instrument did the instructor love playing?,A shabby piano.,1.0,"The generated answer, ""A shabby piano,"" correctly identifies the instrument mentioned in the passage, matching the core correct answer, ""piano.""",piano
109,A,11,11,Where did the music instructor give her lessons?,From her home.,1.0,"The generated answer, ""From her home,"" is synonymous with and accurately reflects the location described by the correct answer, ""house."" The passage confirms students traveled to her home.",house
110,A,11,12,How many students did the music instructor see today?,3.,0.0,"The generated answer of '3' is an arbitrary number and does not match the provided correct answer, 'zero.' (The passage does not state a number, but the evaluation must adhere to the provided correct answer.)",zero
111,B,11,10,Which shabby instrument did the instructor love playing?,Piano.,1.0,The generated answer 'Piano' correctly identifies the instrument specified in the correct answer 'piano'. Differences in capitalization or punctuation are ignored.,piano
112,B,11,11,Where did the music instructor give her lessons?,She gave her lessons at home.,1.0,"The generated answer 'She gave her lessons at home' provides the location 'home', which is synonymous with the target correct answer 'house' and is directly supported by the passage context.",house
113,B,11,12,How many students did the music instructor see today?,She saw three students.,1.0,"The generated answer, 'She saw three students,' contains the core fact 'three,' which is the required correct answer. The generated answer matches the information specified by the target correct answer.",three
114,C,11,10,Which shabby instrument did the instructor love playing?,piano,1.0,The generated answer 'piano' is an exact match for the correct answer 'piano'.,piano
115,C,11,11,Where did the music instructor give her lessons?,"Anya's house, Amy's house, Jose's house",1.0,"The passage indicates the instructor gives lessons in 'their homes' (students house). Although the generated answer lists specific names (Anya, Amy, Jose) not present in the provided context, it accurately identifies the type of location (a student's house) matching the general correct answer 'students house'.",students house
116,C,11,12,How many students did the music instructor see today?,"You must include her first two students, Anya and Amy, and the student she rescheduled, Jose.",0.0,"The generated answer provides a narrative referencing specific students (Anya, Amy, Jose) and suggests a count of at least two or three, which directly contradicts the provided correct answer of 'zero'.",zero
117,D,11,10,Which shabby instrument did the instructor love playing?,Piano.,1.0,"The generated answer 'Piano.' accurately matches the content of the correct answer, 'piano'.",piano
118,D,11,11,Where did the music instructor give her lessons?,She gave lessons in three different places.,0.0,"The correct answer identifies the location ('students house'), while the generated answer provides a quantity ('three different places'). The answers do not match in substance.",students house
119,D,11,12,How many students did the music instructor see today?,__________________________________________________________________________,0.0,"The generated answer is blank, which does not match the correct answer of 'three'.",three
120,A,12,10,In which type of vintage vessel did Jason and Jenna start their date?,Sailboat,1.0,The generated answer 'Sailboat' is semantically identical to the correct answer 'sailboat'; the difference in capitalization is accepted as a match.,sailboat
121,A,12,11,Where was the restaurant located?,The restaurant was located next to the dock.,1.0,"The generated answer 'The restaurant was located next to the dock' is a semantic match and accurately reflects the location described in the passage ('right next to the dock'), which is equivalent to 'by the dock.'",by the dock
122,A,12,12,How long did they wait at the restaurant before they were seated?,They did not wait to be seated.,1.0,"The generated answer 'They did not wait to be seated' conveys the exact same meaning as the correct answer 'not at all,' indicating zero waiting time.",not at all
123,B,12,10,In which type of vintage vessel did Jason and Jenna start their date?,sailboat,1.0,The generated answer 'sailboat' is an exact match for the correct answer 'sailboat'.,sailboat
124,B,12,11,Where was the restaurant located?,Next to the dock.,1.0,The generated answer 'Next to the dock' is a direct and accurate rephrasing of the correct answer 'by the dock' and matches the context ('right next to the dock').,by the dock
125,B,12,12,How long did they wait at the restaurant before they were seated?,1 hour,1.0,The generated answer '1 hour' is numerically and semantically equivalent to the correct answer 'an hour'.,an hour
126,C,12,10,In which type of vintage vessel did Jason and Jenna start their date?,Sailboat,1.0,The generated answer 'Sailboat' is a precise match to the correct answer 'sailboat'.,sailboat
127,C,12,11,Where was the restaurant located?,In a town.,0.0,"The generated answer 'In a town' is too general. The correct answer 'miles away through town' includes the essential context of distance derived from the passage ('several miles away'), which the generated answer omits.",miles away through town
128,C,12,12,How long did they wait at the restaurant before they were seated?,They waited five minutes.,0.0,"The generated answer 'They waited five minutes' is factually incorrect when compared against the provided correct answer, which is 'not at all'.",not at all
129,D,12,10,In which type of vintage vessel did Jason and Jenna start their date?,Sailboat.,1.0,The generated answer 'Sailboat.' is a direct match to the correct answer 'sailboat.',sailboat
130,D,12,11,Where was the restaurant located?,"At the beginning of the passage, they were at the restaurant.",0.0,"The generated answer ('At the beginning of the passage, they were at the restaurant.') is factually incorrect based on the passage context and does not match the correct answer ('miles away through town').",miles away through town
131,D,12,12,How long did they wait at the restaurant before they were seated?,The answer to this question is not given in the text.,0.0,"The generated answer ('The answer to this question is not given in the text.') does not match the specific correct answer ('not at all'). While the premise is that they haven't arrived yet, the phrasing is different enough to be marked as a mismatch.",not at all
132,A,13,10,What piece of wooden furniture were Joseph and Delilah trying to pack?,A wooden buffet.,0.0,"The passage explicitly states they grabbed the 'wooden table'. The generated answer, 'A wooden buffet', does not match the correct answer 'table'.",table
133,A,13,11,Where did Joseph first look for a suitable box?,The box that he purchased yesterday.,0.0,"The generated answer describes the box itself ('The box that he purchased yesterday'), whereas the correct answer describes the location of the search ('in the pile/across the hall'). They do not match.",in the pile/across the hall
134,A,13,12,How long was Joseph's search for a box that would suit their purposes?,1 minute,0.0,"The generated answer provides a time of '1 minute', which is quantitatively different from the correct answer of '20 min'.",20 min
135,B,13,10,What piece of wooden furniture were Joseph and Delilah trying to pack?,A kitchen table.,0.0,"The correct answer is 'table.' The generated answer specifies 'A kitchen table,' which introduces unnecessary detail and potentially inaccurate context (the passage specifies a 'dining room' table). Therefore, it is not a direct match.",table
136,B,13,11,Where did Joseph first look for a suitable box?,Their storage locker.,0.0,The generated answer ('Their storage locker') does not match the correct answer provided ('in the pile/across the hall').,in the pile/across the hall
137,B,13,12,How long was Joseph's search for a box that would suit their purposes?,It was only about 5 minutes.,0.0,The generated answer ('5 minutes') provides a completely different time frame than the correct answer ('3 hours').,3 hours
138,C,13,10,What piece of wooden furniture were Joseph and Delilah trying to pack?,A wooden table,1.0,The generated answer 'A wooden table' correctly identifies the core piece of furniture ('table') mentioned in the correct answer and is supported by the context.,table
139,C,13,11,Where did Joseph first look for a suitable box?,1.,0.0,The generated answer '1.' is a number/placeholder and does not match the correct location specified ('in the pile').,in the pile
140,C,13,12,How long was Joseph's search for a box that would suit their purposes?,12 minutes (700 seconds),0.0,"The generated answer states the duration as '12 minutes (700 seconds)', which does not match the correct answer of '20 min'.",20  min
141,D,13,10,What piece of wooden furniture were Joseph and Delilah trying to pack?,Table,1.0,"The generated answer 'Table' is a match for the correct answer 'table', disregarding capitalization.",table
142,D,13,11,Where did Joseph first look for a suitable box?,The parking lot.,0.0,The generated answer 'The parking lot' does not match the specified correct answer 'in the pile'.,in the pile
143,D,13,12,How long was Joseph's search for a box that would suit their purposes?,2 hours and 30 minutes,0.0,The generated answer '2 hours and 30 minutes' does not match the correct duration '3 hours'.,3 hours
144,A,14,10,Which friendly animal did Jenna pick up from the vet?,The dog,1.0,"The generated answer 'The dog' correctly identifies the animal Jenna picked up, matching the core correct answer 'dog'.",dog
145,A,14,11,How did Jenna get to the veterinary clinic?,Jenna drove to the veterinary clinic.,1.0,"The generated answer 'Jenna drove to the veterinary clinic' correctly includes the action 'drove', which matches the specified correct answer.",drove
146,A,14,12,How long did the errand take Jenna?,5 minutes,0.0,The generated answer '5 minutes' does not match the designated correct answer '10-15 min'.,10-15 min
147,B,14,10,Which friendly animal did Jenna pick up from the vet?,Dog,1.0,"The generated answer 'Dog' is the correct animal, matching the expected answer 'dog'. Case differences are ignored.",dog
148,B,14,11,How did Jenna get to the veterinary clinic?,She walked.,1.0,The generated answer 'She walked' accurately reflects the core action 'walked' required by the correct answer.,walked
149,B,14,12,How long did the errand take Jenna?,1 hour and 30 minutes,0.0,The generated answer '1 hour and 30 minutes' does not match the specified correct answer 'one hour'.,one hour
150,C,14,10,Which friendly animal did Jenna pick up from the vet?,dog,1.0,The generated answer 'dog' is an exact match for the correct answer.,dog
151,C,14,11,How did Jenna get to the veterinary clinic?,Driving,1.0,"The generated answer 'Driving' accurately reflects the method of transportation ('drove' / 'drive to the vet') described in the passage, making it contextually correct.",drove
152,C,14,12,How long did the errand take Jenna?,It took 12 minutes and 1 mile.,0.0,The generated answer ('It took 12 minutes and 1 mile') does not match the specified correct answer ('20 min').,20 min
153,D,14,10,Which friendly animal did Jenna pick up from the vet?,A dog,0.0,The generated answer includes an extra article ('A') which results in a strict mismatch with the provided correct answer ('dog').,dog
154,D,14,11,How did Jenna get to the veterinary clinic?,1.,0.0,The generated answer '1.' is entirely incorrect and does not answer the question about how Jenna traveled ('walked').,walked
155,D,14,12,How long did the errand take Jenna?,3 1/2 hours.,0.0,"While numerically equivalent, the generated answer '3 1/2 hours' uses fractional notation and differs in format from the required representation in hours and minutes ('3 hours 30 min').",3 hours 30 min
156,A,15,10,What type of sweet fruit did Jessie's husband enter into the competition?,- Apple (p.,1.0,"The generated answer identifies the correct fruit ('Apple'), which semantically matches the correct answer ('apples'), despite minor formatting noise and apparent truncation.",apples
157,A,15,11,Did Jessie arrive at the judge's tent in a timely manner?,"Yes, Jessie arrived at the judge's tent in a timely manner.",1.0,"The generated answer provides the correct binary response ('Yes'), matching the expected correct answer ('yes').",yes
158,A,15,12,How far away was Jessie at the start of the story from the judge's tent?,20 steps,0.0,The generated answer provides a specific quantitative measure ('20 steps') which does not match the qualitative descriptive correct answer ('near').,near
159,B,15,10,What type of sweet fruit did Jessie's husband enter into the competition?,Apples,1.0,The generated answer 'Apples' is substantively the same as the correct answer 'apples'. Capitalization differences are ignored.,apples
160,B,15,11,Did Jessie arrive at the judge's tent in a timely manner?,- Jessie did not arrive at the judge's tent in a timely manner.,1.0,"The generated answer explicitly states that Jessie did not arrive in a timely manner, which matches the required 'no' response.",no
161,B,15,12,How far away was Jessie at the start of the story from the judge's tent?,20 steps,0.0,"The correct answer is the descriptive term 'near'. The generated answer '20 steps' is a specific, numerical distance and does not match the provided correct answer. (Furthermore, the passage does not support '20 steps'.)",near
162,C,15,10,What type of sweet fruit did Jessie's husband enter into the competition?,Apples.,1.0,"The generated answer 'Apples' accurately matches the correct answer 'apples', identifying the fruit mentioned in the passage.",apples
163,C,15,11,Did Jessie arrive at the judge's tent in a timely manner?,No.,0.0,The generated answer 'No' directly contradicts the provided correct answer 'yes'.,yes
164,C,15,12,How far away was Jessie at the start of the story from the judge's tent?,She was 1 mile away from the judge's tent at the start of the story.,0.0,The generated answer provides a specific distance ('1 mile') which is not supported by the passage context and does not match the provided correct answer 'far'.,far
165,D,15,10,What type of sweet fruit did Jessie's husband enter into the competition?,apples,1.0,The generated answer 'apples' is an exact match for the correct answer.,apples
166,D,15,11,Did Jessie arrive at the judge's tent in a timely manner?,"No, she arrived too late.",1.0,"The generated answer provides the correct negative response ('No') and elaboration, which aligns with the correct answer 'no'.",no
167,D,15,12,How far away was Jessie at the start of the story from the judge's tent?,The answer is C.,0.0,The generated answer 'The answer is C.' is a placeholder (a choice letter) and does not provide the actual content of the correct answer 'far'.,far
168,A,16,10,What glossy book did Keisha leave on the bench?,The glossy book was .,0.0,The generated answer is incomplete and fails to state the correct item ('paperback').,paperback
169,A,16,11,What issues did Keisha have getting to work?,Keisha had issues with her car and her knees.,1.0,The generated answer accurately identifies the major issue specified in the correct answer ('car') and provides additional contextually correct details ('knees').,car broken
170,A,16,12,"Despite her lack of car, did Keisha arrive at work in a timely manner?",Yes.,1.0,The generated answer ('Yes.') is an exact match to the correct answer ('yes').,yes
171,B,16,10,What glossy book did Keisha leave on the bench?,The newspaper,0.0,"The correct answer, derived from the passage context ('glossy paperback'), is 'paperback.' The generated answer specifies 'The newspaper,' which is incorrect.",paperback
172,B,16,11,What issues did Keisha have getting to work?,Keisha missed her bus.,1.0,"The generated answer 'Keisha missed her bus' identifies one of the key issues mentioned in the passage (the bus issues) that prevented her timely arrival, matching a significant component of the multi-part correct answer.",car broken/bus never came
173,B,16,12,"Despite her lack of car, did Keisha arrive at work in a timely manner?",Yes/No,0.0,"The passage indicates Keisha missed her first bus and had to wait until the 10:25 bus, meaning she did not arrive in a timely manner (Correct Answer: no). The generated answer 'Yes/No' is ambiguous and therefore incorrect.",no
174,C,16,10,What glossy book did Keisha leave on the bench?,The glossy book that Keisha left on the bench was The Diary of a Wimpy Kid.,0.0,"The generated answer introduces unsupported specific details (""The Diary of a Wimpy Kid"") that are not in the passage, and therefore does not match the correct descriptive answer (""paperback"").",paperback
175,C,16,11,What issues did Keisha have getting to work?,Keisha had several issues getting to work.,0.0,"The generated answer is a generic statement acknowledging issues but fails to identify the specific issue required by the question and provided in the correct answer (""car broken"").",car broken
176,C,16,12,"Despite her lack of car, did Keisha arrive at work in a timely manner?",Yes.,1.0,"The generated answer (""Yes"") is a direct and accurate match for the correct answer.",yes
177,D,16,10,What glossy book did Keisha leave on the bench?,"She left her paperback, Twilight, on the bench.",0.0,"The correct answer is 'paperback.' The generated answer includes extraneous information ('Twilight') that is not supported by the passage, making the response inaccurate relative to the targeted correct answer.",paperback
178,D,16,11,What issues did Keisha have getting to work?,"Keisha's car broke down, so she had to take the bus.",1.0,"The generated answer correctly identifies the car breakdown, which is a key component of the expected answer (car/breakdown).",car/missed first bus/breakdown
179,D,16,12,"Despite her lack of car, did Keisha arrive at work in a timely manner?",1) Yes,0.0,The generated answer 'Yes' is the opposite of the correct answer 'no.' The context clearly indicates she experienced significant delays and missed the first bus.,no
180,A,17,10,What gleaming weapon was Ryan going to dust for fingerprints?,Gun,1.0,The generated answer 'Gun' is semantically identical to the correct answer 'gun.' Differences in capitalization are ignored.,gun
181,A,17,11,Where did Ryan end up finding his kit for processing crime scenes?,His car.,1.0,"The core factual information in the generated answer, 'car,' matches the correct answer, 'car.' Additional non-essential phrasing ('His' and the period) does not negate correctness.",car
182,A,17,12,How long did Ryan search for his kit?,He searched for 2 minutes.,0.0,"The generated answer provides a specific quantity and full sentence structure ('He searched for 2 minutes'). The correct answer is only the unit of time, 'minutes.' This is an informational and structural mismatch.",minutes
183,B,17,10,What gleaming weapon was Ryan going to dust for fingerprints?,The gun.,1.0,The generated answer 'The gun' is factually equivalent to the correct answer 'gun'.,gun
184,B,17,11,Where did Ryan end up finding his kit for processing crime scenes?,In his car,1.0,"The generated answer correctly identifies the location (car), matching the content of the correct answer.",car
185,B,17,12,How long did Ryan search for his kit?,Ryan searched for his kit for 30 minutes.,0.0,"The generated answer states the search lasted '30 minutes', which is significantly different and incorrect compared to the provided correct answer of '2 - 3 hours'.",2 - 3 hours
186,C,17,10,What gleaming weapon was Ryan going to dust for fingerprints?,The gun,1.0,"The generated answer 'The gun' is factually and semantically equivalent to the correct answer 'gun', identifying the correct object mentioned in the passage.",gun
187,C,17,11,Where did Ryan end up finding his kit for processing crime scenes?,At the gas station.,0.0,The generated answer 'At the gas station' does not match the correct answer 'home'. The passage states he left the kit at home.,home
188,C,17,12,How long did Ryan search for his kit?,10 minutes,0.0,The generated answer '10 minutes' does not fall within the numerical range provided by the correct answer '15 - 30 min'.,15 - 30 min
189,D,17,10,What gleaming weapon was Ryan going to dust for fingerprints?,A.,0.0,The generated answer 'A.' does not match the specified correct answer 'gun'.,gun
190,D,17,11,Where did Ryan end up finding his kit for processing crime scenes?,At his house.,1.0,The generated answer 'At his house' is semantically equivalent and accurate to the correct answer 'home'.,home
191,D,17,12,How long did Ryan search for his kit?,4 hours,0.0,The generated answer '4 hours' does not match the specified correct answer '3 hours'.,3 hours
192,A,18,10,What piece of trendy clothing did Sarah buy for her sister?,A pair of jeans,0.0,"The passage states that Sarah would buy 'a pair of trendy pants.' While jeans are a type of pants, the correct answer uses the broader term found directly in the text.",pants
193,A,18,11,How much time did Sarah have to shop before she needed to be back at home?,A.,0.0,The generated answer 'A.' does not match the correct answer '30 min' derived from the passage context ('Sarah had only thirty minutes before she had to be back home').,30 min
194,A,18,12,Where was the first place that Sarah tried to find her sister's birthday present?,The rack of clothing.,0.0,"The generated answer specifies a fixture within a store ('The rack of clothing'), but the correct answer is the name/type of establishment ('boutique'). They are not equivalent.",boutique
195,B,18,10,What piece of trendy clothing did Sarah buy for her sister?,A pair of trendy pants.,1.0,"The generated answer provides the exact item of clothing specified in the correct answer ('pants'), simply phrasing it as a complete descriptive phrase.",pants
196,B,18,11,How much time did Sarah have to shop before she needed to be back at home?,1 hour,0.0,The correct answer states Sarah had 'several hours' (confirmed by the passage context). The generated answer incorrectly specifies '1 hour.',several hours
197,B,18,12,Where was the first place that Sarah tried to find her sister's birthday present?,A chic boutique.,1.0,"The generated answer includes the essential correct location ('boutique'), adding only an adjective ('chic'). It is conceptually accurate to the correct answer.",boutique
198,C,18,10,What piece of trendy clothing did Sarah buy for her sister?,A pair of trendy pants.,1.0,The generated answer 'A pair of trendy pants' matches the core item identified in the correct answer 'pants.',pants
199,C,18,11,How much time did Sarah have to shop before she needed to be back at home?,5 minutes.,0.0,"The correct answer, based on the passage, is '30 min.' The generated answer '5 minutes' is incorrect.",30 min
200,C,18,12,Where was the first place that Sarah tried to find her sister's birthday present?,The chic boutique.,1.0,The generated answer 'The chic boutique' matches one of the acceptable options listed in the correct answer ('boutique/mall').,boutique/mall
201,D,18,10,What piece of trendy clothing did Sarah buy for her sister?,Pants.,1.0,"The generated answer 'Pants' is substantively identical to the correct answer 'pants', differing only in capitalization.",pants
202,D,18,11,How much time did Sarah have to shop before she needed to be back at home?,4 hours,0.0,The generated answer provides a specific numerical quantity ('4 hours') which does not match the qualitative phrase 'several hours' provided in the correct answer (which is taken directly from the passage).,several hours
203,D,18,12,Where was the first place that Sarah tried to find her sister's birthday present?,A,0.0,The generated answer 'A' is incorrect and does not match the correct location 'mall'.,mall
204,A,19,10,What kind of glitzy gems did the robbers scoop into the velvet bags?,Diamonds,1.0,The generated answer 'Diamonds' is semantically identical and factually correct compared to the correct answer 'diamonds'. Case difference is acceptable.,diamonds
205,A,19,11,How far did the woman end up traveling before she remembered the cell,The woman end up traveling before she remembered the cell phone in her,0.0,"The generated answer is an incomplete sentence fragment and fails to provide the required distance measurement, which the correct answer specifies as 'a block/near'.",a block/near
206,A,19,12,Were the robbers still in the jewelry store when the police arrived?,Yes,0.0,The generated answer 'Yes' does not match the provided correct answer which is the meta-instruction 'everyone gets a 1'.,everyone gets a 1
207,B,19,10,What kind of glitzy gems did the robbers scoop into the velvet bags?,Glitzy gems are diamonds.,1.0,"The generated answer correctly identifies the gems as 'diamonds,' matching the provided correct answer.",diamonds
208,B,19,11,How far did the woman end up traveling before she remembered the cell,- A.,0.0,"The generated answer, '- A.', is a placeholder or selection marker and does not provide the required content of the correct answer, 'a block/near.'",a block/near
209,B,19,12,Were the robbers still in the jewelry store when the police arrived?,The robbers were still in the jewelry store when the police arrived.,0.0,"The generated answer provides a factual statement regarding the robbers' location, which does not match the specific instruction/placeholder 'everyone gets a 1' provided as the target correct answer.",everyone gets a 1
210,C,19,10,What kind of glitzy gems did the robbers scoop into the velvet bags?,Diamonds,1.0,"The generated answer 'Diamonds' matches the correct answer 'diamonds' exactly, ignoring capitalization.",diamonds
211,C,19,11,How far did the woman end up traveling before she remembered the cell,1.,0.0,The generated answer '1.' is incomplete and does not match the required linguistic phrase 'at least a mile' given as the correct answer.,at least a mile
212,C,19,12,Were the robbers still in the jewelry store when the police arrived?,Yes.,0.0,The generated answer ('Yes.') provides a factual response but does not match the specific instruction/placeholder provided as the correct answer ('everyone gets a 1').,everyone gets a 1
213,D,19,10,What kind of glitzy gems did the robbers scoop into the velvet bags?,Cubic zirconium.,0.0,The passage states that the robbers scooped 'diamonds' into the bags. The generated answer 'Cubic zirconium' is incorrect.,diamonds
214,D,19,11,How far did the woman end up traveling before she remembered the cell,0.,0.0,The generated answer '0' does not match the required correct answer of 'at least a mile'.,at least a mile
215,D,19,12,Were the robbers still in the jewelry store when the police arrived?,No.,0.0,"The provided correct answer is the non-standard instruction 'everyone gets a 1', which the generated answer 'No' does not match literally.",everyone gets a 1
216,A,20,10,Which wool clothing item did the warrior wipe his soiled fingers on?,His shirt,1.0,The generated answer 'His shirt' is a direct and equivalent match to the correct answer 'shirt'.,shirt
217,A,20,11,Where did the warrior eat his lunch?,He ate his lunch in the dining room of his house.,0.0,"The generated answer provides specific, unverified information ('dining room of his house') which contradicts the provided correct answer ('right where he was').",right where he was
218,A,20,12,How long did the warrior have to himself before the battle began?,30 minutes.,1.0,The generated answer '30 minutes' is substantively the same as the correct answer '30 min'.,30 min
219,B,20,10,Which wool clothing item did the warrior wipe his soiled fingers on?,The warrior used the wool tunic he wore.,0.0,"The correct answer specifies 'shirt,' which is explicitly mentioned in the passage ('wool shirt'). The generated answer uses 'tunic,' which is a different term and does not match the correct answer.",shirt
220,B,20,11,Where did the warrior eat his lunch?,He ate his lunch at a picnic table.,0.0,"The correct answer implies a lack of movement or specific location ('right where he was'). The generated answer provides a specific, named location ('picnic table'). Therefore, the answers are contradictory and do not match.",right where he was
221,B,20,12,How long did the warrior have to himself before the battle began?,6 hours,0.0,"The correct answer uses the descriptive phrase 'hours away,' which is found in the passage, indicating an indefinite length of time. The generated answer provides a specific numerical estimate ('6 hours'), which is unsupported by the passage and does not match the correct answer.",hours away
222,C,20,10,Which wool clothing item did the warrior wipe his soiled fingers on?,The warrior wiped his soiled hands on his wool shirt.,1.0,"The generated answer provides the specific clothing item, 'shirt,' which matches the correct answer, although it is embedded in a complete sentence.",shirt
223,C,20,11,Where did the warrior eat his lunch?,An inn.,1.0,The generated answer 'An inn' is a specific component of the acceptable correct answer 'village/inn' and is thus a match.,village/inn
224,C,20,12,How long did the warrior have to himself before the battle began?,30 minutes,1.0,"The generated answer '30 minutes' is the full word spelling of the duration abbreviated in the correct answer '30 min,' making them equivalent.",30 min
225,D,20,10,Which wool clothing item did the warrior wipe his soiled fingers on?,a) his sleeves,0.0,"The generated answer (""sleeves"") refers to a component of the clothing item, but does not match the required correct answer (""shirt"").",shirt
226,D,20,11,Where did the warrior eat his lunch?,A - The inn.,1.0,"The generated answer (""The inn"") is a direct match for one of the acceptable options provided in the correct answer (""village/inn"").",village/inn
227,D,20,12,How long did the warrior have to himself before the battle began?,The warrior had four hours to himself before the battle began.,0.0,"The correct answer specifies the time vaguely (""hours away""), whereas the generated answer introduces a specific, unsupported quantity (""four hours""), making it an inexact match.",hours away
