,version,passage_num,question_id,question,generated_answer,judge_score,judge_reasoning,correct_answer
0,A,1,10,What amber beverage did Sophia leave back at the bar?,The amber beer.,0.0,"The generated answer includes descriptive modifiers ('The amber') that are not present in the provided correct answer ('beer'), failing a direct match.",beer
1,A,1,11,What did Sophia do before she left the bar?,Sophia sorted through the documents from her briefcase.,1.0,The generated answer ('Sophia sorted through the documents...') is a clear and accurate rendition of the action described in the correct answer ('sorted/dumped documents').,sorted/dumped documents
2,A,1,12,Where was Sophia supposed to meet the client?,The lobby of the Madison Hotel.,0.0,"The generated answer specifies 'The lobby of the Madison Hotel,' which is more detailed than the provided correct answer ('Madison Hotel'), preventing an exact match.",Madison Hotel
3,B,1,10,What amber beverage did Sophia leave back at the bar?,The beer.,1.0,The generated answer 'The beer' is semantically identical and functionally equivalent to the correct answer 'beer'.,beer
4,B,1,11,What did Sophia do before she left the bar?,"Sophia spent the next half hour recalling how their last interaction had gone, made room on the table for some papers, dumped the contents of her briefcase in front of her, and spent over an hour sorting through the documents and rehearsing her presentation.",0.0,"The generated answer describes rehearsal activities and document sorting, which does not match the provided correct answer 'paid her bill'.",paid her bill
5,B,1,12,Where was Sophia supposed to meet the client?,The lobby of the Madison Hotel.,0.0,"The generated answer 'The lobby of the Madison Hotel' is too specific and does not strictly match the provided correct answer, 'Madison Hotel'.",Madison Hotel
6,C,1,10,What amber beverage did Sophia leave back at the bar?,The amber beer.,0.0,The generated answer is unnecessarily descriptive ('The amber beer') and does not match the concise correct answer ('beer').,beer
7,C,1,11,What did Sophia do before she left the bar?,Sophia ordered an amber beer and took a seat at an empty high-top table.,1.0,"The generated answer correctly identifies that Sophia 'ordered an amber beer,' which aligns with the 'ordered a drink' option provided in the correct answer.",ordered a drink/grabbed her bag
8,C,1,12,Where was Sophia supposed to meet the client?,The Madison Hotel.,0.0,The generated answer included the definite article 'The' ('The Madison Hotel') which causes it to differ slightly from the required concise answer 'Madison Hotel'.,Madison Hotel
9,D,1,10,What amber beverage did Sophia leave back at the bar?,The amber beer.,0.0,"The generated answer includes unnecessary articles and adjectives (""The amber""), deviating from the exact concise correct answer (""beer"").",beer
10,D,1,11,What did Sophia do before she left the bar?,Sophia reviewed her papers for the next hour before she left the bar.,0.0,"The generated answer provides a full sentence and includes significant narrative details and temporal specification (""Sophia reviewed..."" and ""...for the next hour"") that are extraneous compared to the concise correct answer which only specifies the action.",reviewed her papers
11,D,1,12,Where was Sophia supposed to meet the client?,The Madison Hotel.,0.0,"The generated answer includes the definite article ""The,"" which is not present in the exact concise correct answer phrase (""Madison Hotel"").",Madison Hotel
12,A,2,10,Which jolly relative rang the bell to signal the end of the treasure hunt?,The uncle.,1.0,The generated answer 'The uncle' correctly identifies the relative specified in the correct answer 'uncle'.,uncle
13,A,2,11,Where did Joshua look for the treasure first?,The family room.,0.0,"The generated answer identifies the general starting location (family room), but fails to match the specific location required by the correct answer (bookcase/top shelf).",bookcase/top shelf
14,A,2,12,Where did this treasure hunt take place?,The treasure hunt took place in the family's house and the park next door.,0.0,"The generated answer is too broad, including 'the park next door.' The provided correct answer required only 'house'.",house
15,B,2,10,Which jolly relative rang the bell to signal the end of the treasure hunt?,The jolly uncle.,1.0,"The generated answer, 'The jolly uncle,' correctly identifies the relative as the 'uncle,' matching the essential content of the correct answer. The additional descriptor 'jolly' is supported by the context but does not invalidate the answer.",uncle
16,B,2,11,Where did Joshua look for the treasure first?,The bookcase.,1.0,"The generated answer provides 'The bookcase,' which identifies the primary location mentioned in the correct answer ('bookcase/top shelf'). This is considered a sufficient match for the location sought.",bookcase/top shelf
17,B,2,12,Where did this treasure hunt take place?,The treasure hunt took place in the house and the park next door.,0.0,"The correct answer specifies the location as 'house.' The generated answer expands this by including 'and the park next door.' Although the passage mentions the hunt ends at the park, the generated answer is broader than the specific gold standard answer provided ('house').",house
18,C,2,10,Which jolly relative rang the bell to signal the end of the treasure hunt?,The uncle.,1.0,"The generated answer, 'The uncle,' accurately names the relative identified in the correct answer, 'uncle.'",uncle
19,C,2,11,Where did Joshua look for the treasure first?,Joshua looked for the treasure first in the yard with the hollow tree.,1.0,"The generated answer provides 'hollow tree' as the location, which is the core information required by the correct answer, even though the generated response is phrased as a full sentence.",hollow tree
20,C,2,12,Where did this treasure hunt take place?,The treasure hunt took place in the neighborhood.,1.0,The generated answer is a perfect match for the location specified in the correct answer ('in the neighborhood').,in the neighborhood
21,D,2,10,Which jolly relative rang the bell to signal the end of the treasure hunt?,The jolly uncle.,1.0,"The generated response correctly identifies the core factual answer ('uncle'), despite including the article and descriptive modifier ('The jolly') not present in the concise target answer.",uncle
22,D,2,11,Where did Joshua look for the treasure first?,Joshua looked for the treasure first in the yard with the hollow tree.,0.0,"The generated answer is a full, contextualized sentence ('Joshua looked for the treasure first in the yard with the hollow tree') which is significantly different from the expected concise answer ('hollow tree'). It includes excessive and unnecessary framing information.",hollow tree
23,D,2,12,Where did this treasure hunt take place?,The neighborhood.,0.0,The generated answer is missing the preposition 'in' required by the correct answer ('in the neighborhood' vs 'The neighborhood'). This results in a phrasing mismatch.,in the neighborhood
24,A,3,10,Which gleaming utensil would the chef use to complete his preparations?,The chef would use the gleaming knife to complete his preparations.,1.0,"The generated answer correctly identifies the 'knife' as the gleaming utensil referenced in the passage, matching the correct answer.",knife
25,A,3,11,"Given how long it took to retrieve his spices, should the chef have been so frustrated?","No, the chef should not have been so frustrated.",1.0,"The generated answer provides the response 'No,' which directly matches the provided correct answer.",no
26,A,3,12,Where was the chef when he realized that he had forgotten his spice kit?,In the kitchen.,1.0,"The generated answer identifies the location as the 'kitchen,' which is accurate based on the context (kitchen towel, preparing a meal) and matches the correct answer.",kitchen
27,B,3,10,Which gleaming utensil would the chef use to complete his preparations?,The chef would use the gleaming knife to complete his preparations.,1.0,"The generated answer correctly identifies the 'knife' as the gleaming utensil used by the chef, matching the correct answer.",knife
28,B,3,11,"Given how long it took to retrieve his spices, should the chef have been so frustrated?","No, the chef should not have been so frustrated.",1.0,The generated answer provides the required negative response ('No') matching the correct answer.,no
29,B,3,12,Where was the chef when he realized that he had forgotten his spice kit?,In his kitchen.,1.0,"The generated answer identifies the location as the 'kitchen,' which is contextually derived from the passage and matches the correct answer 'kitchen.'",kitchen
30,C,3,10,Which gleaming utensil would the chef use to complete his preparations?,The chef would use the gleaming knife to complete his preparations.,1.0,The generated answer correctly identifies the 'gleaming knife' which matches the core answer 'knife' provided.,knife
31,C,3,11,"Given how long it took to retrieve his spices, should the chef have been so frustrated?","No, the chef should not have been so frustrated.",0.0,The generated answer ('No') contradicts the provided correct answer ('yes').,yes
32,C,3,12,Where was the chef when he realized that he had forgotten his spice kit?,The chef was in the rented hall.,0.0,"The generated answer states the chef was in a 'rented hall,' which contradicts the correct answer 'kitchen.' The passage context (kitchen towel, cutting vegetables) supports the correct answer.",kitchen
33,D,3,10,Which gleaming utensil would the chef use to complete his preparations?,The chef would use the gleaming knife to complete his preparations.,1.0,"The generated answer correctly identifies the 'knife' as the gleaming utensil, matching the provided correct answer.",knife
34,D,3,11,"Given how long it took to retrieve his spices, should the chef have been so frustrated?","No, the chef should not have been so frustrated.",0.0,The generated answer ('No') directly contradicts the provided correct answer ('yes').,yes
35,D,3,12,Where was the chef when he realized that he had forgotten his spice kit?,In the rented hall.,0.0,The generated answer ('In the rented hall') does not match the provided correct answer ('kitchen').,kitchen
36,A,5,10,Which fierce animal did Jared's girls want to see?,The lion.,1.0,"The generated answer 'The lion.' accurately identifies the fierce animal the girls wanted to see, matching the correct answer 'lion.'",lion
37,A,5,11,How long did it take for Jared and his girls to travel from the zoo's entrance to the exhibit?,A.,0.0,The generated answer 'A.' does not match the required correct answer '5 min.',5 min
38,A,5,12,Where was the exhibit located in relation to the zoo's entrance?,The exhibit was only a few yards away from the zoo's entrance.,1.0,The generated answer 'The exhibit was only a few yards away from the zoo's entrance.' matches the components of the correct answer 'few yards/near.',few yards/near
39,B,5,10,Which fierce animal did Jared's girls want to see?,The lion.,1.0,The generated answer 'The lion' accurately identifies the required animal ('lion'). The addition of the article 'The' does not change the factual correctness.,lion
40,B,5,11,How long did it take for Jared and his girls to travel from the zoo's entrance to the exhibit?,The best answer is A.,0.0,The generated answer 'The best answer is A.' is a multiple-choice selection indicator and does not provide the factual time required ('2 hours').,2 hours
41,B,5,12,Where was the exhibit located in relation to the zoo's entrance?,The exhibit was only a few yards away from the entrance.,1.0,The generated answer 'only a few yards away from the entrance' contains the essential information specified in the correct answer ('few yards/near').,few yards/near
42,C,5,10,Which fierce animal did Jared's girls want to see?,The lion.,1.0,"The generated answer correctly identifies the 'lion' as the fierce animal the girls wanted to see, matching the correct answer.",lion
43,C,5,11,How long did it take for Jared and his girls to travel from the zoo's entrance to the exhibit?,Reasoning Skill: Identifying Pros And Cons,0.0,The generated answer provides a skill category ('Reasoning Skill: Identifying Pros And Cons') rather than the factual answer regarding the time duration ('seconds').,seconds
44,C,5,12,Where was the exhibit located in relation to the zoo's entrance?,The exhibit was located right next to the zoo's main entrance.,0.0,"The generated answer states the exhibit was located 'right next to' the entrance, which directly contradicts the correct answer 'far'.",far
45,D,5,10,Which fierce animal did Jared's girls want to see?,The lion.,1.0,The generated answer 'The lion' matches the core correct answer 'lion'.,lion
46,D,5,11,How long did it take for Jared and his girls to travel from the zoo's entrance to the exhibit?,The text does not provide information about the time it took for Jared and his girls to travel from the zoo's entrance to the exhibit.,0.0,"The generated answer claims the information is absent from the text, which directly contradicts the specific time frame of '1 - 2 hours' provided as the correct answer.",1 - 2 hours
47,D,5,12,Where was the exhibit located in relation to the zoo's entrance?,The exhibit was located far from the zoo's entrance.,1.0,"The generated answer states the exhibit was located 'far,' directly matching the correct answer 'far'.",far
48,A,6,10,What piece of plastic furniture did the mechanic kick out of frustration?,A plastic chair.,1.0,"The generated answer 'A plastic chair' accurately identifies the item 'chair' mentioned in the context, matching the core correct answer.",chair
49,A,6,11,Where did the mechanic find his toolbox?,The mechanic found his toolbox on the floor of the hangar.,1.0,"The generated answer 'on the floor of the hangar' correctly identifies the location 'hangar', fully encompassing the provided correct answer 'in the hangar'.",in the hangar
50,A,6,12,What was the first thing the mechanic did in order to find his toolbox?,He was about to run to his car.,0.0,The generated answer describes an intended action ('He was about to run to his car') but fails to match the required initial action specified in the correct answer ('looked around the hangar').,looked around the hangar
51,B,6,10,What piece of plastic furniture did the mechanic kick out of frustration?,The plastic chair.,1.0,"The generated answer, 'The plastic chair,' accurately identifies the object kicked by the mechanic, which matches the core subject 'chair' found in the correct answer.",chair
52,B,6,11,Where did the mechanic find his toolbox?,The mechanic found his toolbox when he tripped over it.,0.0,"The question asks for the location ('Where'), and the correct answer provides the location ('in the hangar'). The generated answer describes the method of discovery ('when he tripped over it'), not the location.",in the hangar
53,B,6,12,What was the first thing the mechanic did in order to find his toolbox?,He tripped over it.,0.0,"The correct answer identifies the first action taken to search for the toolbox ('looked around the hangar'). The generated answer describes an accidental discovery or event ('tripped over it'), which is not the initial search action.",looked around the hangar
54,C,6,10,What piece of plastic furniture did the mechanic kick out of frustration?,A plastic chair.,1.0,The generated answer 'A plastic chair' is semantically identical to the correct answer 'chair' and is explicitly mentioned in the passage ('He kicked the plastic chair.').,chair
55,C,6,11,Where did the mechanic find his toolbox?,In the remote parking lot.,0.0,"The correct answer specifies the precise location where the toolbox was found ('car'). The generated answer 'In the remote parking lot' is a broader location, making it an insufficient or inaccurate match to the specific correct answer.",car
56,C,6,12,What was the first thing the mechanic did in order to find his toolbox?,He started sprinting toward his car in the remote parking lot.,0.0,"While 'started sprinting toward his car' captures the essence of the action, the correct answer 'raced out of the hangar to his car' includes the necessary context of the starting location ('out of the hangar'), which the generated answer omits. The passage explicitly states, 'He raced out of the hangar.'",raced out of the hangar to his car
57,D,6,10,What piece of plastic furniture did the mechanic kick out of frustration?,The plastic chair.,1.0,The core answer 'chair' is present in the generated response 'The plastic chair.' The addition of the article and adjective does not negate the accuracy.,chair
58,D,6,11,Where did the mechanic find his toolbox?,In the trunk of his car.,0.0,The correct answer specifies the general location 'car.' The generated answer 'In the trunk of his car' provides an overly specific detail (trunk) not required by the correct answer.,car
59,D,6,12,What was the first thing the mechanic did in order to find his toolbox?,He trudged off toward his car in the remote parking lot.,0.0,The generated answer uses synonymous but different terminology ('trudged off' versus 'slowly walked') and adds unnecessary detail ('in the remote parking lot') compared to the strict target answer.,slowly walked to his car
60,A,7,10,What motivating career did Jason see himself doing in the future?,A motivating teacher.,0.0,The designated correct answer is the specific noun 'teacher.' The generated answer includes an article and an adjective ('A motivating teacher') which makes it a non-exact match.,teacher
61,A,7,11,How long did it take for Jason to locate his resumes?,It took Jason a few seconds to locate his resumes.,1.0,"The core piece of information required, 'seconds,' is accurately contained within the generated answer, fulfilling the requirement of the correct answer.",seconds
62,A,7,12,Where was the first place that Jason looked for his resumes?,Jason looked in his bag for his resumes.,0.0,The designated correct answer is the specific noun 'bag.' The generated answer is a full explanatory sentence ('Jason looked in his bag for his resumes') and is not an exact match to the expected answer. Maintaining consistency with the evaluation of Q10.,bag
63,B,7,10,What motivating career did Jason see himself doing in the future?,A motivating teacher.,0.0,The generated answer includes additional descriptive words ('A motivating') and an article ('A') that were not present in the specified correct answer ('teacher').,teacher
64,B,7,11,How long did it take for Jason to locate his resumes?,30 minutes,1.0,"The generated answer is semantically identical to the correct answer, simply spelling out the abbreviation for the unit of time ('minutes' vs 'min').",30 min
65,B,7,12,Where was the first place that Jason looked for his resumes?,The gymnasium floor.,0.0,The generated answer provides a location ('The gymnasium floor') that does not match the specified correct location ('bag').,bag
66,C,7,10,What motivating career did Jason see himself doing in the future?,A motivating teacher.,0.0,"The generated answer includes the descriptive modifier 'A motivating' and the article 'A', resulting in a lack of exact match to the concise correct answer 'teacher'.",teacher
67,C,7,11,How long did it take for Jason to locate his resumes?,15 minutes,0.0,The generated answer '15 minutes' does not match the required correct answer 'ten minutes'.,ten minutes
68,C,7,12,Where was the first place that Jason looked for his resumes?,The first place that Jason looked for his resumes was in his bag.,1.0,"Although phrased as a full sentence, the generated answer accurately identifies the core location, 'bag', which substantively matches the required correct answer.",bag
69,D,7,10,What motivating career did Jason see himself doing in the future?,A motivating teacher.,1.0,"The generated answer is substantively correct. Although it includes the descriptive phrase 'A motivating teacher,' it identifies the core career 'teacher' which matches the correct answer.",teacher
70,D,7,11,How long did it take for Jason to locate his resumes?,1 hour and 30 minutes.,0.0,The generated answer (1 hour and 30 minutes) provides a different time duration than the specified correct answer (3 hours).,3 hours
71,D,7,12,Where was the first place that Jason looked for his resumes?,The first place that Jason looked for his resumes was his house.,0.0,"The generated answer identifies the location as 'his house,' which is factually different from the specified correct answer 'bag.' The answer does not match.",bag
72,A,8,10,What kind of yellow flowers did Tamika put on her mother's grave?,Yellow roses.,1.0,The generated answer 'Yellow roses' fully encompasses the correct answer 'roses' and accurately addresses the question based on the passage context.,roses
73,A,8,11,How far away was the restaurant where Tamika met her friend for lunch?,The restaurant was across the street from the cemetery.,1.0,"The generated answer contains the core location information 'across the street', which matches the correct answer.",across the street
74,A,8,12,How long did Tamika have to wait before she was seated at the restaurant?,5 minutes,0.0,"The generated answer '5 minutes' directly contradicts the correct answer 'not at all', which indicates there was zero waiting time.",not at all
75,B,8,10,What kind of yellow flowers did Tamika put on her mother's grave?,Yellow roses.,1.0,"The generated answer includes the necessary factual information, 'roses', which matches the correct answer, despite including the redundant descriptive word 'Yellow'.",roses
76,B,8,11,How far away was the restaurant where Tamika met her friend for lunch?,The restaurant was across the street from the cemetery.,1.0,"The generated answer accurately contains the phrase 'across the street,' which is the core information provided in the correct answer.",across the street
77,B,8,12,How long did Tamika have to wait before she was seated at the restaurant?,30 minutes.,1.0,"The generated answer '30 minutes.' is an exact match to the correct answer '30 minutes', ignoring minor terminal punctuation differences.",30 minutes
78,C,8,10,What kind of yellow flowers did Tamika put on her mother's grave?,Yellow roses.,1.0,"The generated answer 'Yellow roses' accurately contains the required information ('roses'), matching the core component of the correct answer.",roses
79,C,8,11,How far away was the restaurant where Tamika met her friend for lunch?,Ten minutes away.,0.0,"The generated answer provides a measure of time ('Ten minutes away'), which is not mentioned in the passage and does not match the geographical description provided in the correct answer ('neighboring town').",neighboring town
80,C,8,12,How long did Tamika have to wait before she was seated at the restaurant?,There is no information in the passage that indicates Tamika had to wait before she was seated at the restaurant.,0.0,"The generated answer is a verbose explanation stating that the information is absent. While this implies a similar conclusion, it does not textually match the specific, concise correct answer 'not at all'.",not at all
81,D,8,10,What kind of yellow flowers did Tamika put on her mother's grave?,Yellow roses.,1.0,"The generated answer 'Yellow roses' correctly identifies the type of flower, 'roses', matching the core requirement of the correct answer.",roses
82,D,8,11,How far away was the restaurant where Tamika met her friend for lunch?,"The restaurant was in a neighboring town, which is not specified in terms of distance.",1.0,"The generated answer includes the essential information required by the correct answer, which is that the location was in a 'neighboring town'.",neighboring town
83,D,8,12,How long did Tamika have to wait before she was seated at the restaurant?,30 minutes.,1.0,The generated answer '30 minutes' is semantically and numerically equivalent to the correct answer '30 min'.,30 min
84,A,9,10,What rusty tool did the criminal wish he still had?,The hammer.,1.0,The generated answer 'The hammer' correctly identifies the tool (hammer) mentioned in the passage and matches the provided correct answer.,hammer
85,A,9,11,Where was the criminal's new hiding place?,The house next door.,0.0,"The generated answer 'The house next door' contradicts the specified correct answer, 'hedges'. The passage indicates the criminal was safe because the entrance was hidden by tall hedges.",hedges
86,A,9,12,Did the police apprehend the criminal in a timely manner?,"No, the police did not apprehend the criminal in a timely manner.",0.0,"The generated answer begins with 'No,' which directly contradicts the specified correct answer of 'yes.'",yes
87,B,9,10,What rusty tool did the criminal wish he still had?,A hammer.,1.0,"The generated answer 'A hammer.' correctly identifies the core item, 'hammer,' matching the correct answer.",hammer
88,B,9,11,Where was the criminal's new hiding place?,The house next door.,0.0,"The generated answer 'The house next door' does not match the provided correct answer, 'hedges.'",hedges
89,B,9,12,Did the police apprehend the criminal in a timely manner?,"No, the police did not apprehend the criminal in a timely manner.",1.0,"The generated answer confirms the negative response ('No'), matching the core information of the correct answer.",no
90,C,9,10,What rusty tool did the criminal wish he still had?,A hammer.,1.0,The generated answer 'A hammer.' accurately identifies the tool 'hammer' mentioned in the correct answer.,hammer
91,C,9,11,Where was the criminal's new hiding place?,The abandoned house.,0.0,The generated answer 'The abandoned house.' does not match the specified correct answer 'park slide.',park slide
92,C,9,12,Did the police apprehend the criminal in a timely manner?,"No, the police did not apprehend the criminal in a timely manner.",0.0,"The generated answer states 'No,' which is a direct contradiction of the correct answer 'yes.'",yes
93,D,9,10,What rusty tool did the criminal wish he still had?,A hammer.,1.0,The generated answer 'A hammer' accurately matches the core tool identified in the correct answer 'hammer'.,hammer
94,D,9,11,Where was the criminal's new hiding place?,The abandoned house.,0.0,The generated answer ('The abandoned house') is factually different from the specific hiding spot provided in the correct answer ('park slide').,park slide
95,D,9,12,Did the police apprehend the criminal in a timely manner?,"No, the police did not apprehend the criminal in a timely manner.",1.0,"The generated answer fully supports and expands upon the core correct answer 'no', confirming that the police did not apprehend the criminal in a timely manner.",no
96,A,10,10,Which aggressive disease was the daughter fighting?,Cancer.,1.0,The generated answer 'Cancer.' is identical to the correct answer 'cancer' (ignoring capitalization and minor punctuation differences).,cancer
97,A,10,11,Where was the gift store located?,The gift store was located down the hall from the hospital room.,1.0,"The generated answer provides the location 'down the hall,' which is one of the accepted correct answers listed in the key ('down the hall/7th floor').",down the hall/7th floor
98,A,10,12,What was the first thing the father did when he left his daughter's room?,The first thing the father did when he left his daughter's room was to sprint down the hall to the gift store.,0.0,"The generated answer mentions the action 'sprint' but fails to include the secondary action/consequence 'ran into neighbors,' which is specified as part of the correct answer key ('sprinted/ran into neighbors'). Therefore, the response is incomplete.",sprinted/ran into neighbors
99,B,10,10,Which aggressive disease was the daughter fighting?,Cancer.,0.0,Error: Extra data: line 21 column 1 (char 863),
100,B,10,11,Where was the gift store located?,The gift store was located just down the hall from the daughter's room on the 7th floor of the hospital.,0.0,Error: Extra data: line 21 column 1 (char 863),
101,B,10,12,What was the first thing the father did when he left his daughter's room?,The first thing the father did when he left his daughter's room was to lean against the wall and close his eyes.,0.0,Error: Extra data: line 21 column 1 (char 863),
102,C,10,10,Which aggressive disease was the daughter fighting?,Cancer.,1.0,The generated answer 'Cancer.' is a direct and accurate match to the correct answer 'cancer'. Case and minor punctuation differences are acceptable.,cancer
103,C,10,11,Where was the gift store located?,The gift store was located several blocks away from the hospital.,1.0,"The generated answer contains the essential factual information, 'several blocks away,' matching the correct answer.",several blocks away
104,C,10,12,What was the first thing the father did when he left his daughter's room?,The first thing the father did when he left his daughter's room was to sprint through the 7th floor of the hospital to the lobby.,0.0,"The generated answer describes the father sprinting through the 7th floor, which is a different action sequence than the correct answer, 'ran down stairs to lobby.'",ran down stairs to lobby
105,D,10,10,Which aggressive disease was the daughter fighting?,Cancer.,1.0,The generated answer 'Cancer.' is a precise and accurate match for the correct answer 'cancer'.,cancer
106,D,10,11,Where was the gift store located?,The gift store was located several blocks away from the hospital.,1.0,"The generated answer includes the essential location detail ('several blocks away') required by the correct answer, despite being phrased as a complete sentence.",several blocks away
107,D,10,12,What was the first thing the father did when he left his daughter's room?,The father waited a long time for the elevator to take him to the lobby.,1.0,"The generated answer correctly identifies the first action as waiting for the elevator ('waited a long time for the elevator'), which aligns with the core fact presented in the correct answer ('waited for elevator').",waited for elevator
108,A,11,10,Which shabby instrument did the instructor love playing?,The piano.,1.0,The generated answer 'The piano' accurately identifies the instrument 'piano' mentioned in the correct answer and the passage. The inclusion of the article 'The' does not render it incorrect.,piano
109,A,11,11,Where did the music instructor give her lessons?,At her home.,1.0,The generated answer 'At her home' is semantically equivalent and contextually accurate to the correct answer 'house.',house
110,A,11,12,How many students did the music instructor see today?,None.,1.0,"The generated answer 'None' is a direct semantic equivalent to the required answer 'zero,' both indicating a quantity of zero students.",zero
111,B,11,10,Which shabby instrument did the instructor love playing?,The piano.,1.0,"The generated answer, 'The piano,' accurately identifies the instrument, matching the core content of the correct answer, 'piano.'",piano
112,B,11,11,Where did the music instructor give her lessons?,At her home.,1.0,"The generated answer uses 'home,' which is synonymous with the correct answer, 'house,' in this context, and is supported by the passage context ('Students traveled to her home for lessons').",house
113,B,11,12,How many students did the music instructor see today?,There were 3 students.,1.0,"The generated answer 'There were 3 students' correctly conveys the quantity specified in the correct answer, 'three.'",three
114,C,11,10,Which shabby instrument did the instructor love playing?,The piano.,1.0,"The generated answer 'The piano' correctly identifies the instrument mentioned in the passage, matching the correct answer 'piano'.",piano
115,C,11,11,Where did the music instructor give her lessons?,In the students' homes.,1.0,The generated answer 'In the students' homes' conveys the identical location and meaning as the correct answer 'students house'.,students house
116,C,11,12,How many students did the music instructor see today?,0,1.0,The generated answer '0' is numerically equivalent to the correct answer 'zero'.,zero
117,D,11,10,Which shabby instrument did the instructor love playing?,The piano.,0.0,"The correct answer is 'piano'. The generated answer, 'The piano.', includes the definitive article and punctuation, failing a strict match to the expected answer.",piano
118,D,11,11,Where did the music instructor give her lessons?,She gave her lessons in the homes of her students.,1.0,"The generated answer, 'She gave her lessons in the homes of her students,' accurately conveys the location (students' residences), which is a clear semantic match for the intended correct answer, 'students house.'",students house
119,D,11,12,How many students did the music instructor see today?,3 students.,0.0,"The correct answer is specified as the word 'three'. The generated answer uses the numeral '3' and includes extraneous context ('students.'), resulting in a format and content mismatch with the expected answer.",three
120,A,12,10,In which type of vintage vessel did Jason and Jenna start their date?,A vintage sailboat.,1.0,The generated answer identifies the correct vessel type mentioned in the passage ('vintage sailboat') and aligns with the core meaning of the correct answer ('sailboat').,sailboat
121,A,12,11,Where was the restaurant located?,The restaurant was located right next to the dock.,1.0,"The generated answer correctly states the location ('right next to the dock'), which is directly supported by the passage and is synonymous with the correct answer ('by the dock').",by the dock
122,A,12,12,How long did they wait at the restaurant before they were seated?,5 minutes.,0.0,"The generated answer ('5 minutes') provides information that is not present in the passage. The passage does not mention how long they waited, which is reflected in the provided correct answer ('not at all').",not at all
123,B,12,10,In which type of vintage vessel did Jason and Jenna start their date?,A vintage sailboat.,1.0,The generated answer provides the exact type of vessel ('sailboat') requested by the question and identified in the correct answer. The addition of 'A vintage' does not negate the core information.,sailboat
124,B,12,11,Where was the restaurant located?,The restaurant was located right next to the dock.,1.0,"The generated answer, 'The restaurant was located right next to the dock,' is functionally identical and synonymous with the correct answer, 'by the dock.'",by the dock
125,B,12,12,How long did they wait at the restaurant before they were seated?,1 hour.,1.0,The generated answer '1 hour' expresses the identical duration as the correct answer 'an hour.',an hour
126,C,12,10,In which type of vintage vessel did Jason and Jenna start their date?,A vintage sailboat.,1.0,"The generated answer, 'A vintage sailboat,' fully identifies the vessel mentioned in the passage, which corresponds directly to the core information 'sailboat' in the correct answer.",sailboat
127,C,12,11,Where was the restaurant located?,The restaurant was located several miles away from the location where Jason and Jenna climbed out of the vintage sailboat.,0.0,"While the generated answer correctly states the restaurant was 'several miles away,' it omits the route or setting context ('through town') specified in the official correct answer.",miles away through town
128,C,12,12,How long did they wait at the restaurant before they were seated?,They did not wait at all.,1.0,The generated answer 'They did not wait at all' is semantically identical and provides the same meaning as the correct answer 'not at all.',not at all
129,D,12,10,In which type of vintage vessel did Jason and Jenna start their date?,A vintage sailboat.,1.0,The generated answer 'A vintage sailboat' accurately names the vessel type found in the passage ('vintage sailboat'). The core information matches the correct answer 'sailboat'.,sailboat
130,D,12,11,Where was the restaurant located?,The restaurant was located at the other end of town.,1.0,"The generated answer 'The restaurant was located at the other end of town' is factually correct based on the passage ('The restaurant was several miles away at the other end of town') and captures the key location detail, matching the intent of the correct answer.",miles away through town
131,D,12,12,How long did they wait at the restaurant before they were seated?,30 minutes.,0.0,"The generated answer '30 minutes' is incorrect because the passage does not mention them arriving at the restaurant, nor does it specify any wait time. The correct answer 'not at all' implies a lack of textual evidence regarding a wait, making the generated answer unsupported.",not at all
132,A,13,10,What piece of wooden furniture were Joseph and Delilah trying to pack?,The wooden table in the dining room.,0.0,"The generated answer includes extraneous detail ('wooden,' 'in the dining room') that is not present in the specified correct answer ('table'). For a strict match, only 'table' should have been provided.",table
133,A,13,11,Where did Joseph first look for a suitable box?,Joseph first looked for a suitable box in the remaining empty boxes in the apartment.,0.0,The generated answer ('remaining empty boxes') accurately reflects the text but does not match the specific required target answer ('in the pile/across the hall').,in the pile/across the hall
134,A,13,12,How long was Joseph's search for a box that would suit their purposes?,20 minutes.,1.0,The generated answer '20 minutes' is semantically identical to the correct answer '20 min'.,20 min
135,B,13,10,What piece of wooden furniture were Joseph and Delilah trying to pack?,The wooden table in the dining room.,1.0,"The generated answer identifies the item as 'table,' which is the core piece of information required and directly matches the correct answer.",table
136,B,13,11,Where did Joseph first look for a suitable box?,Joseph first looked for a suitable box in the remaining empty boxes in the dining room.,0.0,The correct answer specifies a location ('in the pile/across the hall'). The generated answer provides a different description of location based directly on the visible text ('remaining empty boxes in the dining room') and is not considered a match for the canonical answer.,in the pile/across the hall
137,B,13,12,How long was Joseph's search for a box that would suit their purposes?,30 minutes.,0.0,"The generated answer states the time duration was '30 minutes,' which is factually incorrect compared to the required answer of '3 hours.'",3 hours
138,C,13,10,What piece of wooden furniture were Joseph and Delilah trying to pack?,The wooden table in the dining room.,1.0,"The generated answer 'The wooden table in the dining room' correctly identifies the core required information, 'table', aligning with the correct answer.",table
139,C,13,11,Where did Joseph first look for a suitable box?,The empty boxes in their apartment.,0.0,"The generated answer describes the general location of the search ('The empty boxes in their apartment'), which does not match the specific location given in the correct answer ('in the pile').",in the pile
140,C,13,12,How long was Joseph's search for a box that would suit their purposes?,20 minutes.,1.0,"The generated answer '20 minutes' is semantically identical to the required answer '20 min', despite the slight difference in abbreviation/full word form.",20  min
141,D,13,10,What piece of wooden furniture were Joseph and Delilah trying to pack?,The wooden table in the dining room.,1.0,"The generated answer, 'The wooden table in the dining room,' accurately identifies the key piece of furniture, 'table,' mentioned in the correct answer.",table
142,D,13,11,Where did Joseph first look for a suitable box?,The empty boxes in their apartment.,0.0,"The generated answer describes the contents being searched ('The empty boxes in their apartment'), while the correct answer specifies a location ('in the pile'). These two answers do not align.",in the pile
143,D,13,12,How long was Joseph's search for a box that would suit their purposes?,2 hours.,0.0,"The generated answer states '2 hours,' which is factually different from the correct answer '3 hours.'",3 hours
144,A,14,10,Which friendly animal did Jenna pick up from the vet?,The friendly animal was the Narayan's dog.,1.0,"The generated answer correctly identifies the animal as the dog, matching the core information in the correct answer.",dog
145,A,14,11,How did Jenna get to the veterinary clinic?,Jenna drove her Toyota to the veterinary clinic.,1.0,"The generated answer confirms Jenna 'drove' (drove her Toyota), which matches the correct answer.",drove
146,A,14,12,How long did the errand take Jenna?,10 minutes,0.0,The generated answer only provides '10 minutes' but the correct answer specifies the range '10-15 min'.,10-15 min
147,B,14,10,Which friendly animal did Jenna pick up from the vet?,The friendly animal was the Narayan's dog.,1.0,"The generated answer 'The friendly animal was the Narayan's dog' correctly identifies the 'dog,' matching the core fact of the correct answer, 'dog.'",dog
148,B,14,11,How did Jenna get to the veterinary clinic?,Jenna walked to the veterinary clinic.,1.0,"The generated answer correctly states that Jenna 'walked' to the clinic, which matches the correct answer.",walked
149,B,14,12,How long did the errand take Jenna?,1 hour and 30 minutes.,0.0,"The generated answer specifies '1 hour and 30 minutes,' which is a different time value from the given correct answer, 'one hour.'",one hour
150,C,14,10,Which friendly animal did Jenna pick up from the vet?,The friendly dog.,0.0,"Although the core answer is present, the generated response includes extraneous descriptive words ('The friendly') that deviate from the concise correct answer ('dog').",dog
151,C,14,11,How did Jenna get to the veterinary clinic?,Jenna drove her Toyota to the veterinary clinic.,1.0,The generated answer correctly states the method of transportation ('drove') and provides the core information matching the correct answer.,drove
152,C,14,12,How long did the errand take Jenna?,20 minutes.,0.0,"The generated answer spells out the unit of time ('minutes') instead of using the abbreviation ('min') provided in the correct answer, resulting in a mismatch of required format.",20 min
153,D,14,10,Which friendly animal did Jenna pick up from the vet?,The friendly dog.,1.0,"The generated answer, 'The friendly dog,' correctly identifies the subject animal as the dog, matching the core factual information of the correct answer.",dog
154,D,14,11,How did Jenna get to the veterinary clinic?,Jenna walked to the veterinary clinic.,1.0,"The generated answer correctly states that Jenna walked, which aligns directly with the correct answer.",walked
155,D,14,12,How long did the errand take Jenna?,4 hours and 30 minutes.,0.0,The time provided in the generated answer (4 hours and 30 minutes) does not match the specified correct answer (3 hours 30 min).,3 hours 30 min
156,A,15,10,What type of sweet fruit did Jessie's husband enter into the competition?,Apples.,1.0,"The generated answer 'Apples' is a precise match to the correct answer 'apples', ignoring capitalization.",apples
157,A,15,11,Did Jessie arrive at the judge's tent in a timely manner?,"Yes, Jessie arrived at the judge's tent in a timely manner.",1.0,"The generated answer includes 'Yes', which is the core correct response required.",yes
158,A,15,12,How far away was Jessie at the start of the story from the judge's tent?,20 steps.,0.0,The generated answer provides a quantifiable distance ('20 steps') which does not match the qualitative descriptor provided in the correct answer ('near').,near
159,B,15,10,What type of sweet fruit did Jessie's husband enter into the competition?,Apples.,1.0,"The generated answer 'Apples.' is substantively identical to the correct answer 'apples', differing only by capitalization and punctuation.",apples
160,B,15,11,Did Jessie arrive at the judge's tent in a timely manner?,"No, Jessie did not arrive at the judge's tent in a timely manner.",1.0,"The generated answer begins with 'No', which matches the core correct answer, even though it includes additional explanatory text.",no
161,B,15,12,How far away was Jessie at the start of the story from the judge's tent?,20 steps.,0.0,The generated answer provides a specific numerical distance ('20 steps.') which is a mismatch for the descriptive correct answer ('near').,near
162,C,15,10,What type of sweet fruit did Jessie's husband enter into the competition?,Apples.,1.0,"The generated answer 'Apples' correctly identifies the fruit, matching the content of the correct answer 'apples'. Differences in capitalization and punctuation are acceptable.",apples
163,C,15,11,Did Jessie arrive at the judge's tent in a timely manner?,"No, Jessie did not arrive at the judge's tent in a timely manner.",0.0,"The generated answer states 'No,' which directly contradicts the provided correct answer of 'yes.'",yes
164,C,15,12,How far away was Jessie at the start of the story from the judge's tent?,1,0.0,"The generated answer provides the numerical value '1,' which does not match the qualitative description 'far' given in the correct answer.",far
165,D,15,10,What type of sweet fruit did Jessie's husband enter into the competition?,Apples.,1.0,"The generated answer 'Apples' is semantically equivalent to the correct answer 'apples', correctly identifying the fruit grown by Jessie's husband.",apples
166,D,15,11,Did Jessie arrive at the judge's tent in a timely manner?,"No, Jessie did not arrive at the judge's tent in a timely manner.",1.0,"The generated answer confirms the correct negative response ('No'), matching the target answer 'no'.",no
167,D,15,12,How far away was Jessie at the start of the story from the judge's tent?,2 miles.,0.0,"The correct answer is the qualitative assessment 'far'. The generated answer provides a specific, unsupported numerical distance ('2 miles') and therefore does not match the target answer.",far
168,A,16,10,What glossy book did Keisha leave on the bench?,Keisha left her glossy paperback on the bench.,0.0,"The correct answer is the single noun 'paperback'. The generated answer is a verbose sentence that includes surrounding context, failing to match the expected format of the correct answer.",paperback
169,A,16,11,What issues did Keisha have getting to work?,Keisha had issues with her car breaking down and knee pain.,1.0,"The generated answer includes the necessary information specified in the correct answer ('car breaking down'), even though it also includes additional contextually supported information (knee pain).",car broken
170,A,16,12,"Despite her lack of car, did Keisha arrive at work in a timely manner?","Yes, Keisha arrived at work in a timely manner.",0.0,"The correct answer is the single affirmative word 'yes'. The generated answer provides a full explanatory sentence ('Yes, Keisha arrived at work in a timely manner.') which is unnecessarily verbose and does not strictly match the expected response.",yes
171,B,16,10,What glossy book did Keisha leave on the bench?,The answer is not provided in the passage.,0.0,"The generated answer incorrectly states that the information is not provided. The passage explicitly mentions she pulled out her 'glossy paperback,' which is the correct answer.",paperback
172,B,16,11,What issues did Keisha have getting to work?,"Keisha had issues with her car breaking down, missing the 8:57 bus, waiting for the 10:25 bus that never arrived, and then having to walk to work.",1.0,"The generated answer accurately captures the main issues identified in the correct answer (car breaking down, which is 'car broken,' and bus trouble/delay, which aligns with 'bus never came'), although it includes extraneous detail not fully confirmed in the passage snippet.",car broken/bus never came
173,B,16,12,"Despite her lack of car, did Keisha arrive at work in a timely manner?","No, Keisha did not arrive at work in a timely manner.",1.0,"The generated answer correctly provides the required negative response ('No'), matching the conceptual truth of the highly condensed correct answer ('no').",no
174,C,16,10,What glossy book did Keisha leave on the bench?,Keisha left her glossy paperback on the bench.,0.0,"The correct answer is the single noun 'paperback'. The generated answer provides a full sentence and includes unsubstantiated and extraneous information (that she 'left' the book on the bench), failing to match the target response format and accuracy.",paperback
175,C,16,11,What issues did Keisha have getting to work?,Keisha had issues with her car breaking down and then she left her book on the bench at the bus stop.,0.0,"The correct answer focuses solely on the primary obstacle to transit ('car broken'). The generated answer correctly identifies this core issue but adds significant, irrelevant, and unsupported detail about her leaving the book, making the response overly expansive and inaccurate.",car broken
176,C,16,12,"Despite her lack of car, did Keisha arrive at work in a timely manner?","Yes, she did.",1.0,"The generated answer 'Yes, she did' conveys the identical affirmative confirmation required by the single-word correct answer 'yes'.",yes
177,D,16,10,What glossy book did Keisha leave on the bench?,The answer is not provided in the passage.,0.0,The passage identifies the book she pulled out as a 'glossy paperback.' The generated answer incorrectly states that the answer is not provided in the passage.,paperback
178,D,16,11,What issues did Keisha have getting to work?,Keisha had several issues getting to work.,1.0,"The generated answer, 'Keisha had several issues getting to work,' is a correct, albeit vague, summary of the issues described (car breakdown, missed bus), aligning with the factual premise of the correct answer.",car/missed first bus/breakdown
179,D,16,12,"Despite her lack of car, did Keisha arrive at work in a timely manner?","No, she did not.",0.0,"The generated answer, 'No, she did not,' conveys the correct information but does not exactly match the concise form provided in the correct answer ('no'). For strict evaluation, this is considered a mismatch.",no
180,A,17,10,What gleaming weapon was Ryan going to dust for fingerprints?,The gun.,1.0,The generated answer 'The gun' is semantically identical to the correct answer 'gun'.,gun
181,A,17,11,Where did Ryan end up finding his kit for processing crime scenes?,"Ryan found his kit for processing crime scenes in his car, which was parked in the driveway of the house where the crime scene was located.",1.0,"The core information, 'car,' is accurately included in the generated answer, making it correct despite the inclusion of additional descriptive details.",car
182,A,17,12,How long did Ryan search for his kit?,1 minute.,0.0,"The correct answer provides the unit of time ('minutes' - plural), but the generated answer provides a specific duration ('1 minute'). This difference in specificity results in a mismatch.",minutes
183,B,17,10,What gleaming weapon was Ryan going to dust for fingerprints?,The gun.,1.0,The generated answer 'The gun' is a direct and accurate match to the correct answer 'gun'.,gun
184,B,17,11,Where did Ryan end up finding his kit for processing crime scenes?,Ryan found his kit for processing crime scenes in his car.,1.0,"The generated answer states the kit was found 'in his car,' which correctly aligns with the target answer 'car'.",car
185,B,17,12,How long did Ryan search for his kit?,30 minutes.,0.0,"The generated answer '30 minutes' contradicts the provided correct answer, '2 - 3 hours'.",2 - 3 hours
186,C,17,10,What gleaming weapon was Ryan going to dust for fingerprints?,The gun lying ominously in the doorway.,1.0,"The generated answer 'The gun lying ominously in the doorway' correctly identifies the core element ('gun') which matches the correct answer, despite including extra descriptive detail.",gun
187,C,17,11,Where did Ryan end up finding his kit for processing crime scenes?,At his house.,1.0,The generated answer 'At his house' is semantically equivalent to the correct answer 'home'.,home
188,C,17,12,How long did Ryan search for his kit?,5 minutes,0.0,The generated answer '5 minutes' falls outside the range specified by the correct answer '15 - 30 min'.,15 - 30 min
189,D,17,10,What gleaming weapon was Ryan going to dust for fingerprints?,The gun lying ominously in the doorway.,1.0,"The generated answer 'The gun lying ominously in the doorway' correctly identifies the core required object, 'gun,' matching the correct answer.",gun
190,D,17,11,Where did Ryan end up finding his kit for processing crime scenes?,At his house.,1.0,"The generated answer 'At his house' is a semantically equivalent restatement of the correct answer, 'home.'",home
191,D,17,12,How long did Ryan search for his kit?,1 hour.,0.0,The generated answer (1 hour) does not match the numerical duration provided in the correct answer (3 hours).,3 hours
192,A,18,10,What piece of trendy clothing did Sarah buy for her sister?,There is no information in the passage about the specific type of clothing Sarah bought for her sister.,0.0,"The Correct Answer, 'pants,' is clearly mentioned in the passage as the intended purchase. The Generated Answer incorrectly claims that this information is absent from the passage.",pants
193,A,18,11,How much time did Sarah have to shop before she needed to be back at home?,30 minutes.,1.0,The Generated Answer '30 minutes' correctly matches the time specified in the Correct Answer '30 min'.,30 min
194,A,18,12,Where was the first place that Sarah tried to find her sister's birthday present?,The first place that Sarah tried to find her sister's birthday present was a chic boutique that catered to the tastes of the young and the fashionable.,0.0,"While the core location 'boutique' is contained within the Generated Answer, the response includes significant extraneous phrasing and descriptive detail ('The first place that Sarah tried to find her sister's birthday present was a chic... fashionable.') which deviates significantly from the concise Correct Answer 'boutique'.",boutique
195,B,18,10,What piece of trendy clothing did Sarah buy for her sister?,Sarah bought a pair of trendy pants for her sister.,1.0,"The generated answer explicitly names the required item of clothing, 'pants,' which matches the correct answer, even though it is presented in a full sentence.",pants
196,B,18,11,How much time did Sarah have to shop before she needed to be back at home?,Several hours.,1.0,The generated answer 'Several hours' is an exact match for the correct answer 'several hours'.,several hours
197,B,18,12,Where was the first place that Sarah tried to find her sister's birthday present?,The store was a chic boutique that catered to the tastes of the young and the fashionable.,1.0,"The generated answer identifies the location as a 'boutique,' which is the core correct answer, despite being presented within a descriptive sentence.",boutique
198,C,18,10,What piece of trendy clothing did Sarah buy for her sister?,Sarah bought a pair of trendy pants.,1.0,"The generated answer correctly identifies 'pants' as the specific item of clothing Sarah chose, matching the required correct answer.",pants
199,C,18,11,How much time did Sarah have to shop before she needed to be back at home?,30 minutes.,1.0,The generated answer '30 minutes' accurately matches the required time frame '30 min'.,30 min
200,C,18,12,Where was the first place that Sarah tried to find her sister's birthday present?,The first place that Sarah tried to find her sister's birthday present was the mall.,1.0,"The generated answer mentions 'the mall,' which is listed as an acceptable option in the provided correct answer (boutique/mall).",boutique/mall
201,D,18,10,What piece of trendy clothing did Sarah buy for her sister?,Sarah bought a pair of trendy pants.,1.0,"The generated answer 'Sarah bought a pair of trendy pants' correctly identifies 'pants,' which is the core information of the correct answer.",pants
202,D,18,11,How much time did Sarah have to shop before she needed to be back at home?,4 hours.,0.0,"The correct answer is 'several hours,' which is a qualitative measure stated in the passage. The generated answer '4 hours' is a specific numerical estimate and does not match the correct answer.",several hours
203,D,18,12,Where was the first place that Sarah tried to find her sister's birthday present?,The mall.,1.0,The generated answer 'The mall' accurately names the location provided in the correct answer 'mall'.,mall
204,A,19,10,What kind of glitzy gems did the robbers scoop into the velvet bags?,Diamonds.,1.0,"The generated answer 'Diamonds.' is a perfect match for the correct answer 'diamonds', identifying the type of gem stolen.",diamonds
205,A,19,11,How far did the woman end up traveling before she remembered the cell,The woman traveled from the floor of the jewelry store to the side of the building.,1.0,"While the generated answer describes the path traveled ('floor... to the side of the building') and the correct answer uses a distance estimate ('a block/near'), the generated path description is highly indicative of a 'near' distance, making it functionally equivalent in context.",a block/near
206,A,19,12,Were the robbers still in the jewelry store when the police arrived?,"No, the robbers were not still in the jewelry store when the police arrived.",0.0,"The correct answer provided is a meta-instruction regarding scoring ('everyone gets a 1'), not a factual 'Yes' or 'No'. The generated answer provides a factual claim ('No, the robbers were not still in the jewelry store...') which does not match the provided required response format or instruction.",everyone gets a 1
207,B,19,10,What kind of glitzy gems did the robbers scoop into the velvet bags?,Diamonds.,1.0,The generated answer 'Diamonds' matches the correct answer 'diamonds' exactly. The case difference is irrelevant for factual accuracy.,diamonds
208,B,19,11,How far did the woman end up traveling before she remembered the cell,1/2 mile,0.0,"The correct answer specifies a short distance ('a block/near'), while the generated answer specifies a significantly longer distance ('1/2 mile'). Therefore, the answers do not match.",a block/near
209,B,19,12,Were the robbers still in the jewelry store when the police arrived?,"No, the robbers had escaped before the woman called the police.",1.0,"The correct answer key provides the instruction 'everyone gets a 1,' indicating that any answer providing the logically correct response ('No') is acceptable. The generated answer 'No, the robbers had escaped before the woman called the police' is factually correct based on the context and satisfies the scoring criteria indicated by the correct answer key.",everyone gets a 1
210,C,19,10,What kind of glitzy gems did the robbers scoop into the velvet bags?,Diamonds.,1.0,The generated answer 'Diamonds' is substantively identical to the correct answer 'diamonds'. The difference is only capitalization and punctuation.,diamonds
211,C,19,11,How far did the woman end up traveling before she remembered the cell,"1 mile down the street, then a mile to the bank, then a mile to the construction site, then a mile to the payphone.",0.0,"The correct answer 'at least a mile' is based only on the distance explicitly stated in the passage (1 mile). The generated answer introduces specific narrative elements (bank, construction site, subsequent miles) that are not present or supported by the provided passage context, making it factually unsupported and mismatched to the correct answer.",at least a mile
212,C,19,12,Were the robbers still in the jewelry store when the police arrived?,"No, they were not.",1.0,"The Correct Answer is a scoring instruction ('everyone gets a 1'), which indicates that the question was likely flawed or unanswerable based on the context, and therefore, the generated response is accepted as correct.",everyone gets a 1
213,D,19,10,What kind of glitzy gems did the robbers scoop into the velvet bags?,The robbers scooped diamonds into the black velvet bags.,1.0,"The generated answer correctly identifies 'diamonds' as the glitzy gems scooped into the bags, which matches the provided correct answer.",diamonds
214,D,19,11,How far did the woman end up traveling before she remembered the cell,1/2 mile,0.0,"The generated answer states '1/2 mile,' which is quantitatively different and does not match the specified correct answer, 'at least a mile.'",at least a mile
215,D,19,12,Were the robbers still in the jewelry store when the police arrived?,"No, the robbers were not still in the jewelry store when the police arrived.",0.0,"The provided Correct Answer is a grading instruction ('everyone gets a 1') rather than a textual response. Therefore, the generated textual answer, 'No, the robbers were not still in the jewelry store when the police arrived,' does not textually match the given correct answer.",everyone gets a 1
216,A,20,10,Which wool clothing item did the warrior wipe his soiled fingers on?,The warrior wiped his soiled fingers on his wool shirt.,1.0,"The generated answer, 'wool shirt,' correctly identifies the clothing item specified in the correct answer, 'shirt'.",shirt
217,A,20,11,Where did the warrior eat his lunch?,He ate his lunch at a table.,0.0,The generated answer ('He ate his lunch at a table.') contradicts the provided correct answer ('right where he was').,right where he was
218,A,20,12,How long did the warrior have to himself before the battle began?,30 minutes.,1.0,The generated answer ('30 minutes.') provides the exact duration specified by the correct answer ('30 min').,30 min
219,B,20,10,Which wool clothing item did the warrior wipe his soiled fingers on?,The warrior wiped his soiled fingers on his wool shirt.,1.0,"The generated answer correctly identifies the core item, 'shirt' (or 'wool shirt'), which fully aligns with the correct answer.",shirt
220,B,20,11,Where did the warrior eat his lunch?,There is no mention of the warrior eating lunch.,0.0,"The correct answer specifies a location or state ('right where he was'), but the generated answer states that the information is absent ('no mention'), resulting in a mismatch between the two responses.",right where he was
221,B,20,12,How long did the warrior have to himself before the battle began?,The warrior had a long time to himself before the battle began.,0.0,"The correct answer specifies the precise measure of time given in the text ('hours away'). The generated answer provides a vague, qualitative interpretation ('a long time') which fails to match the specific correct answer.",hours away
222,C,20,10,Which wool clothing item did the warrior wipe his soiled fingers on?,The warrior wiped his soiled fingers on his wool shirt.,1.0,"The generated answer clearly identifies the 'shirt', matching the correct answer exactly, despite being phrased as a complete sentence.",shirt
223,C,20,11,Where did the warrior eat his lunch?,The inn.,1.0,The generated answer 'The inn' is an acceptable match for one of the options listed in the correct answer 'village/inn'.,village/inn
224,C,20,12,How long did the warrior have to himself before the battle began?,1.,0.0,The generated answer '1.' does not match the correct time duration of '30 min'. The numerical value and units are incorrect or missing.,30 min
225,D,20,10,Which wool clothing item did the warrior wipe his soiled fingers on?,The warrior wiped his soiled fingers on his wool shirt.,1.0,"The generated answer explicitly identifies the 'wool shirt,' matching the core noun 'shirt' provided in the correct answer.",shirt
226,D,20,11,Where did the warrior eat his lunch?,The inn in the village.,1.0,The generated answer 'The inn in the village' fully includes both location components specified in the correct answer: 'village/inn'.,village/inn
227,D,20,12,How long did the warrior have to himself before the battle began?,The warrior had several hours to himself before the battle began.,0.0,"The generated answer provides a complete sentence describing the time as 'several hours,' which is semantically different and not a precise match to the minimal target answer 'hours away.'",hours away
