passage_id,version,model,surprisal
1,A,GPT2,4.304651260375977
1,A,Mistral-7B,7.599609375
1,A,pythia-12b-deduped,5.50812578201294
1,A,LLaMa-3.1-8B,6.58726167678833
1,A,Mistral-24B,6.58984375
1,B,GPT2,4.381080627441406
1,B,Mistral-7B,7.6435546875
1,B,pythia-12b-deduped,5.643139362335205
1,B,LLaMa-3.1-8B,6.7588582038879395
1,B,Mistral-24B,6.578125
1,C,GPT2,6.662386894226074
1,C,Mistral-7B,10.33343505859375
1,C,pythia-12b-deduped,8.449039459228516
1,C,LLaMa-3.1-8B,9.813204765319824
1,C,Mistral-24B,9.2734375
1,D,GPT2,7.101237773895264
1,D,Mistral-7B,10.6217041015625
1,D,pythia-12b-deduped,8.446961402893066
1,D,LLaMa-3.1-8B,10.07528305053711
1,D,Mistral-24B,9.21875
2,A,GPT2,8.172235488891602
2,A,Mistral-7B,7.09765625
2,A,pythia-12b-deduped,7.599511623382568
2,A,LLaMa-3.1-8B,7.305549621582031
2,A,Mistral-24B,7.21875
2,B,GPT2,8.545814514160156
2,B,Mistral-7B,7.2265625
2,B,pythia-12b-deduped,7.870101451873779
2,B,LLaMa-3.1-8B,7.814487457275391
2,B,Mistral-24B,7.3515625
2,C,GPT2,7.343803405761719
2,C,Mistral-7B,5.8125
2,C,pythia-12b-deduped,6.234037399291992
2,C,LLaMa-3.1-8B,4.75148868560791
2,C,Mistral-24B,5.453125
2,D,GPT2,8.189970016479492
2,D,Mistral-7B,6.1796875
2,D,pythia-12b-deduped,6.665505409240723
2,D,LLaMa-3.1-8B,5.44239616394043
2,D,Mistral-24B,6.140625
3,A,GPT2,5.100663057644852
3,A,Mistral-7B,7.08799934387207
3,A,pythia-12b-deduped,5.96558273921255
3,A,LLaMa-3.1-8B,6.350737452507019
3,A,Mistral-24B,6.6991119384765625
3,B,GPT2,5.046003303141333
3,B,Mistral-7B,6.906333923339844
3,B,pythia-12b-deduped,5.839548715564888
3,B,LLaMa-3.1-8B,6.264366507530212
3,B,Mistral-24B,6.601585388183594
3,C,GPT2,8.212570842762943
3,C,Mistral-7B,7.847686767578125
3,C,pythia-12b-deduped,7.672821518266573
3,C,LLaMa-3.1-8B,7.896591901779175
3,C,Mistral-24B,7.551788330078125
3,D,GPT2,8.299926077772398
3,D,Mistral-7B,7.7773590087890625
3,D,pythia-12b-deduped,7.647734397032764
3,D,LLaMa-3.1-8B,7.800675272941589
3,D,Mistral-24B,7.457973480224609
5,A,GPT2,4.449437141418457
5,A,Mistral-7B,5.875
5,A,pythia-12b-deduped,6.398272037506104
5,A,LLaMa-3.1-8B,4.999093055725098
5,A,Mistral-24B,3.638671875
5,B,GPT2,4.458701133728027
5,B,Mistral-7B,5.94140625
5,B,pythia-12b-deduped,6.585954666137695
5,B,LLaMa-3.1-8B,4.889524936676025
5,B,Mistral-24B,3.669921875
5,C,GPT2,4.744572639465332
5,C,Mistral-7B,4.9609375
5,C,pythia-12b-deduped,4.863359928131104
5,C,LLaMa-3.1-8B,4.391950607299805
5,C,Mistral-24B,3.13671875
5,D,GPT2,4.8136515617370605
5,D,Mistral-7B,5.046875
5,D,pythia-12b-deduped,4.737833499908447
5,D,LLaMa-3.1-8B,4.282575607299805
5,D,Mistral-24B,3.068359375
6,A,GPT2,7.3544697761535645
6,A,Mistral-7B,8.3359375
6,A,pythia-12b-deduped,7.760886192321777
6,A,LLaMa-3.1-8B,8.379809379577637
6,A,Mistral-24B,7.25390625
6,B,GPT2,7.127336025238037
6,B,Mistral-7B,8.5390625
6,B,pythia-12b-deduped,8.027168273925781
6,B,LLaMa-3.1-8B,8.750015258789062
6,B,Mistral-24B,7.3046875
6,C,GPT2,9.097073554992676
6,C,Mistral-7B,9.328125
6,C,pythia-12b-deduped,8.120135307312012
6,C,LLaMa-3.1-8B,8.912492752075195
6,C,Mistral-24B,9.3828125
6,D,GPT2,9.587613105773926
6,D,Mistral-7B,9.7578125
6,D,pythia-12b-deduped,8.810250282287598
6,D,LLaMa-3.1-8B,9.468168258666992
6,D,Mistral-24B,9.6015625
7,A,GPT2,3.4388253688812256
7,A,Mistral-7B,2.73046875
7,A,pythia-12b-deduped,3.708718776702881
7,A,LLaMa-3.1-8B,3.1590576171875
7,A,Mistral-24B,1.9501953125
7,B,GPT2,2.8849120140075684
7,B,Mistral-7B,2.66015625
7,B,pythia-12b-deduped,3.6970348358154297
7,B,LLaMa-3.1-8B,3.1408820152282715
7,B,Mistral-24B,1.94140625
7,C,GPT2,3.735631227493286
7,C,Mistral-7B,3.361328125
7,C,pythia-12b-deduped,3.4924747943878174
7,C,LLaMa-3.1-8B,4.075283527374268
7,C,Mistral-24B,2.798828125
7,D,GPT2,3.3508219718933105
7,D,Mistral-7B,3.234375
7,D,pythia-12b-deduped,3.7796685695648193
7,D,LLaMa-3.1-8B,3.9785044193267822
7,D,Mistral-24B,2.837890625
8,A,GPT2,4.224212646484375
8,A,Mistral-7B,3.298828125
8,A,pythia-12b-deduped,3.2465341091156006
8,A,LLaMa-3.1-8B,3.713585376739502
8,A,Mistral-24B,4.43359375
8,B,GPT2,4.556896209716797
8,B,Mistral-7B,3.541015625
8,B,pythia-12b-deduped,3.516934394836426
8,B,LLaMa-3.1-8B,3.9289350509643555
8,B,Mistral-24B,4.47265625
8,C,GPT2,2.755913019180298
8,C,Mistral-7B,2.533203125
8,C,pythia-12b-deduped,1.5078147649765017
8,C,LLaMa-3.1-8B,3.098050594329834
8,C,Mistral-24B,3.67578125
8,D,GPT2,2.983961582183838
8,D,Mistral-7B,2.80078125
8,D,pythia-12b-deduped,1.769141674041748
8,D,LLaMa-3.1-8B,3.407212734222412
8,D,Mistral-24B,3.845703125
9,A,GPT2,4.580173969268799
9,A,Mistral-7B,7.1953125
9,A,pythia-12b-deduped,4.531782150268555
9,A,LLaMa-3.1-8B,6.360991954803467
9,A,Mistral-24B,6.33203125
9,B,GPT2,4.618084907531738
9,B,Mistral-7B,6.98828125
9,B,pythia-12b-deduped,4.827667713165283
9,B,LLaMa-3.1-8B,5.954712867736816
9,B,Mistral-24B,6.48828125
9,C,GPT2,5.196067810058594
9,C,Mistral-7B,5.78125
9,C,pythia-12b-deduped,5.0587568283081055
9,C,LLaMa-3.1-8B,7.546308517456055
9,C,Mistral-24B,6.21875
9,D,GPT2,5.205151557922363
9,D,Mistral-7B,5.60546875
9,D,pythia-12b-deduped,5.014092445373535
9,D,LLaMa-3.1-8B,7.098596096038818
9,D,Mistral-24B,6.15234375
10,A,GPT2,1.599353909492493
10,A,Mistral-7B,2.76171875
10,A,pythia-12b-deduped,2.8369174003601074
10,A,LLaMa-3.1-8B,4.067857265472412
10,A,Mistral-24B,2.427734375
10,B,GPT2,1.4461987018585205
10,B,Mistral-7B,2.4609375
10,B,pythia-12b-deduped,2.740663528442383
10,B,LLaMa-3.1-8B,3.9191906452178955
10,B,Mistral-24B,2.376953125
10,C,GPT2,0.7604268789291382
10,C,Mistral-7B,1.3203125
10,C,pythia-12b-deduped,2.307664394378662
10,C,LLaMa-3.1-8B,2.0087766647338867
10,C,Mistral-24B,1.548828125
10,D,GPT2,0.597975492477417
10,D,Mistral-7B,1.3349609375
10,D,pythia-12b-deduped,2.390387296676636
10,D,LLaMa-3.1-8B,1.978380799293518
10,D,Mistral-24B,1.65234375
11,A,GPT2,4.615781784057617
11,A,Mistral-7B,6.02734375
11,A,pythia-12b-deduped,5.155151844024658
11,A,LLaMa-3.1-8B,6.428447246551514
11,A,Mistral-24B,6.8515625
11,B,GPT2,4.971856117248535
11,B,Mistral-7B,5.97265625
11,B,pythia-12b-deduped,5.012408256530762
11,B,LLaMa-3.1-8B,6.1753387451171875
11,B,Mistral-24B,6.9453125
11,C,GPT2,3.43826675415039
11,C,Mistral-7B,5.22265625
11,C,pythia-12b-deduped,4.839356422424316
11,C,LLaMa-3.1-8B,3.6003715991973877
11,C,Mistral-24B,4.75
11,D,GPT2,4.2299580574035645
11,D,Mistral-7B,5.171875
11,D,pythia-12b-deduped,4.998800277709961
11,D,LLaMa-3.1-8B,3.6311187744140625
11,D,Mistral-24B,4.94921875
12,A,GPT2,6.549280166625977
12,A,Mistral-7B,9.0078125
12,A,pythia-12b-deduped,7.874999523162842
12,A,LLaMa-3.1-8B,8.305521011352539
12,A,Mistral-24B,8.7109375
12,B,GPT2,6.592064380645752
12,B,Mistral-7B,8.953125
12,B,pythia-12b-deduped,7.704237461090088
12,B,LLaMa-3.1-8B,8.302152633666992
12,B,Mistral-24B,8.625
12,C,GPT2,6.150161743164063
12,C,Mistral-7B,7.27734375
12,C,pythia-12b-deduped,6.077609062194824
12,C,LLaMa-3.1-8B,6.55223274230957
12,C,Mistral-24B,7.9609375
12,D,GPT2,5.87310791015625
12,D,Mistral-7B,7.109375
12,D,pythia-12b-deduped,5.833043098449707
12,D,LLaMa-3.1-8B,6.603664398193359
12,D,Mistral-24B,7.9453125
13,A,GPT2,3.511894941329956
13,A,Mistral-7B,6.44921875
13,A,pythia-12b-deduped,5.87655782699585
13,A,LLaMa-3.1-8B,6.5424065589904785
13,A,Mistral-24B,5.35546875
13,B,GPT2,3.5961873531341557
13,B,Mistral-7B,6.58203125
13,B,pythia-12b-deduped,5.518204689025879
13,B,LLaMa-3.1-8B,6.43682336807251
13,B,Mistral-24B,5.5078125
13,C,GPT2,3.4208505153656006
13,C,Mistral-7B,4.24609375
13,C,pythia-12b-deduped,5.984263896942139
13,C,LLaMa-3.1-8B,4.790539264678955
13,C,Mistral-24B,5.1015625
13,D,GPT2,3.359792709350586
13,D,Mistral-7B,4.41015625
13,D,pythia-12b-deduped,5.748866558074951
13,D,LLaMa-3.1-8B,4.75526762008667
13,D,Mistral-24B,5.03515625
14,A,GPT2,4.392379760742188
14,A,Mistral-7B,4.62890625
14,A,pythia-12b-deduped,5.870104789733887
14,A,LLaMa-3.1-8B,5.88607931137085
14,A,Mistral-24B,4.6640625
14,B,GPT2,4.462027549743652
14,B,Mistral-7B,4.90234375
14,B,pythia-12b-deduped,5.8653435707092285
14,B,LLaMa-3.1-8B,5.986928462982178
14,B,Mistral-24B,4.80078125
14,C,GPT2,4.530601501464844
14,C,Mistral-7B,3.92578125
14,C,pythia-12b-deduped,5.766645431518555
14,C,LLaMa-3.1-8B,5.2966532707214355
14,C,Mistral-24B,4.85546875
14,D,GPT2,5.153003692626953
14,D,Mistral-7B,4.03125
14,D,pythia-12b-deduped,5.835509300231934
14,D,LLaMa-3.1-8B,5.566311359405518
14,D,Mistral-24B,5.0078125
15,A,GPT2,6.59029483795166
15,A,Mistral-7B,3.8503494262695312
15,A,pythia-12b-deduped,5.411623954772949
15,A,LLaMa-3.1-8B,4.745716094970703
15,A,Mistral-24B,3.396484375
15,B,GPT2,6.59029483795166
15,B,Mistral-7B,3.8503494262695312
15,B,pythia-12b-deduped,5.411623954772949
15,B,LLaMa-3.1-8B,4.745716094970703
15,B,Mistral-24B,3.396484375
15,C,GPT2,10.214137092232704
15,C,Mistral-7B,7.25732421875
15,C,pythia-12b-deduped,7.155026435852051
15,C,LLaMa-3.1-8B,7.604129448533058
15,C,Mistral-24B,8.277587890625
15,D,GPT2,10.21413391828537
15,D,Mistral-7B,7.25732421875
15,D,pythia-12b-deduped,7.155026435852051
15,D,LLaMa-3.1-8B,7.604130417108536
15,D,Mistral-24B,8.277587890625
16,A,GPT2,11.708122253417969
16,A,Mistral-7B,11.46875
16,A,pythia-12b-deduped,8.790871620178223
16,A,LLaMa-3.1-8B,10.741981506347656
16,A,Mistral-24B,10.46875
16,B,GPT2,11.298772811889648
16,B,Mistral-7B,11.2109375
16,B,pythia-12b-deduped,8.559839248657227
16,B,LLaMa-3.1-8B,10.651922225952148
16,B,Mistral-24B,10.5
16,C,GPT2,11.258856773376465
16,C,Mistral-7B,10.4140625
16,C,pythia-12b-deduped,9.536872863769531
16,C,LLaMa-3.1-8B,11.005001068115234
16,C,Mistral-24B,10.7578125
16,D,GPT2,11.055303573608398
16,D,Mistral-7B,10.296875
16,D,pythia-12b-deduped,9.588650703430176
16,D,LLaMa-3.1-8B,10.763837814331055
16,D,Mistral-24B,10.65625
17,A,GPT2,4.990347385406494
17,A,Mistral-7B,5.265625
17,A,pythia-12b-deduped,5.023800373077393
17,A,LLaMa-3.1-8B,5.528038501739502
17,A,Mistral-24B,4.61328125
17,B,GPT2,4.91208028793335
17,B,Mistral-7B,5.25
17,B,pythia-12b-deduped,4.985796928405762
17,B,LLaMa-3.1-8B,5.504384994506836
17,B,Mistral-24B,4.15625
17,C,GPT2,4.987005233764648
17,C,Mistral-7B,3.380859375
17,C,pythia-12b-deduped,3.5443081855773926
17,C,LLaMa-3.1-8B,3.5754897594451904
17,C,Mistral-24B,3.689453125
17,D,GPT2,5.306293964385986
17,D,Mistral-7B,3.564453125
17,D,pythia-12b-deduped,3.695578813552856
17,D,LLaMa-3.1-8B,3.552326202392578
17,D,Mistral-24B,3.572265625
18,A,GPT2,0.5243327617645264
18,A,Mistral-7B,0.5009765625
18,A,pythia-12b-deduped,0.4921942949295044
18,A,LLaMa-3.1-8B,0.37374603748321533
18,A,Mistral-24B,0.264404296875
18,B,GPT2,0.4777445793151855
18,B,Mistral-7B,0.5009765625
18,B,pythia-12b-deduped,0.4872840344905853
18,B,LLaMa-3.1-8B,0.38201165199279785
18,B,Mistral-24B,0.26171875
18,C,GPT2,0.8107330799102783
18,C,Mistral-7B,0.5205078125
18,C,pythia-12b-deduped,0.4760064780712127
18,C,LLaMa-3.1-8B,0.4660210609436035
18,C,Mistral-24B,0.321533203125
18,D,GPT2,0.6506824493408203
18,D,Mistral-7B,0.505859375
18,D,pythia-12b-deduped,0.4148187339305877
18,D,LLaMa-3.1-8B,0.4421033263206482
18,D,Mistral-24B,0.31884765625
19,A,GPT2,3.494313716888428
19,A,Mistral-7B,5.065277099609375
19,A,pythia-12b-deduped,4.374016761779785
19,A,LLaMa-3.1-8B,5.281197547912598
19,A,Mistral-24B,5.47265625
19,B,GPT2,3.459814548492432
19,B,Mistral-7B,4.42236328125
19,B,pythia-12b-deduped,4.219888687133789
19,B,LLaMa-3.1-8B,4.879303455352783
19,B,Mistral-24B,5.0234375
19,C,GPT2,3.844363212585449
19,C,Mistral-7B,6.4722900390625
19,C,pythia-12b-deduped,4.413730621337891
19,C,LLaMa-3.1-8B,5.35310173034668
19,C,Mistral-24B,6.55078125
19,D,GPT2,4.12288761138916
19,D,Mistral-7B,5.259765625
19,D,pythia-12b-deduped,4.563928604125977
19,D,LLaMa-3.1-8B,5.089118003845215
19,D,Mistral-24B,6.109375
20,A,GPT2,5.402310371398926
20,A,Mistral-7B,5.60546875
20,A,pythia-12b-deduped,6.323087692260742
20,A,LLaMa-3.1-8B,5.650913238525391
20,A,Mistral-24B,5.73046875
20,B,GPT2,5.185143947601318
20,B,Mistral-7B,5.734375
20,B,pythia-12b-deduped,6.376664638519287
20,B,LLaMa-3.1-8B,5.696987628936768
20,B,Mistral-24B,5.86328125
20,C,GPT2,5.587827682495117
20,C,Mistral-7B,6.01953125
20,C,pythia-12b-deduped,6.0244879722595215
20,C,LLaMa-3.1-8B,5.92603063583374
20,C,Mistral-24B,6.80078125
20,D,GPT2,5.313722133636475
20,D,Mistral-7B,6.1640625
20,D,pythia-12b-deduped,5.974071502685547
20,D,LLaMa-3.1-8B,6.213438987731934
20,D,Mistral-24B,7.21484375
